,photo_id,business_id,caption,label,good,I/Ni
1124,_15wZGb3QONopTo5yiZ8Rg,ZDDzKXN_JXe7694zePRuTQ,Seating,inside,0,0
1142,_80kyh9A5cFNG-RwwDR6iA,1qwkbN3wu3AGDxMTXVz2gA,Sunset from the front door,outside,0,0
1177,_8B40xRtabQop1QXbpGTtA,TKp9PDs8jFbshfg6xOcM6A,,food,1,1
1107,_8tN02g8wArjtdcu1e7Fnw,wPiRP76arN0NB3M1ZXXp7g,,inside,0,0
576,_a1d3bupKZ0bzKyUAUmh9w,JhRxDdmZSGDG_u7cGxaYrw,,outside,0,0
1344,_Ayb6aCcsIMfJgf1_jtO3w,7wHLFohwCw8l6WS-feLjeg,05/14/18 Other Mama: Japanese Fried Chicken with Buttermilk Dressing,food,1,1
807,_BKqltZZ09AKm8W9KWvEwA,owRpTuIch1DGwbt4Wwl1NQ,Choc w/oreo crumbles.,food,1,1
353,_dNrAN9Zfjvy91Ek4Zqqcw,ghVhlFpNhfBwWDFGSlt2JA,Eggs,food,0,1
178,_dTtSw6ApSU5Pc8kMPsaMA,FhgAHo-8--equM8w5UZ41Q,"Bouchées de Malai Kofta, Bol Dragon avec tempeh et Bol Thaï avec tofu",food,1,1
780,_Knt5qzWn8Ch_xkgp5DVYg,Q4AWWdBWe_ojYX1a4ffXFQ,El Dorado Express at the Boulevard Food Court.,food,1,0
836,_MdC5gEGtcjvBme-7s0uGA,VSX3ixrqQFwwGBUf15s0EQ,Farm chop salad!,food,1,1
1225,_mM3GMsJnxacanUk4waIzw,IRbgMt0cVuzK1KSppU16_Q,,inside,0,0
1418,_OoTrJ2hglt6xSLEr9GT5g,5q6Xh-UcJa78bp6dzyaE7w,Assorted doughnuts - each one tasted amazing!,food,1,1
351,_RS-CoIEPsTLXMu1OvfE0A,ghVhlFpNhfBwWDFGSlt2JA,,food,0,1
1447,_TM-Dvt3qRoNVaMFylBXyA,kABF0hYfAEnl166mn1zR1A,"Beef pancake, hot & spicy noodle, chicken & mushroom noodles",food,1,1
1435,_unKwYVvYGpO5rRW3xcCYA,Mrqk1ydkvgKtlxrExCv6gQ,Oysters: approximately $3.00 each,food,1,0
900,_xjI0KR2HHb_X9c_CBRXCA,UUGoM4q4i8rK2CBRS0xDAw,Hazelnut gelato + chocolate cheesecake,food,1,1
424,_XZXfaZdUR4X6CzCziPfFA,ghVhlFpNhfBwWDFGSlt2JA,,inside,0,0
1434,_Yu1jEA8xjRICta4JNLmpg,Mrqk1ydkvgKtlxrExCv6gQ,,drink,0,1
680,-0JodhHzxFIIs1kp5RYN-Q,3cAy1gxlprn1ue0q3L_ziw,Nice but not really the sesame paste cold noodle,food,1,1
589,-8Ps33v2xS4CI26TfzpGpQ,8-8btzuYZCqEVOPwk0YYfA,,food,1,1
1433,-AxfyFVOx3s1XyPr8yWDWw,Mrqk1ydkvgKtlxrExCv6gQ,Yum!,food,1,1
38,-ec3BgguIDOhPVbhzaeziQ,IZivKqtHyz4-ts8KsnvMrA,,food,0,0
1232,-FfDw_gBQ6vNjwUzHsclAw,IRbgMt0cVuzK1KSppU16_Q,,food,0,1
1427,-H1D6vTVYH0maVe1eqAIqg,5q6Xh-UcJa78bp6dzyaE7w,,inside,0,0
1251,-HtIea_zR8rFR0k2PqOQPg,9eu2lQMROTKdrPyGkwZLYw,"At 9:30 AM, we had to wait 20 minutes to be seated for breakfast even though there were empty tables.",inside,0,0
396,-K5pQYfh6cXrKUlw59i54Q,ghVhlFpNhfBwWDFGSlt2JA,Oysters,food,1,1
1370,-oOleqTMDU-7r-Bl6Rexbg,7wHLFohwCw8l6WS-feLjeg,,food,1,1
1311,-P5napMHmz-HIB_QdOqdnw,7wHLFohwCw8l6WS-feLjeg,"@endoedibles on Instagram Rhode Island Calamari  Pickled Peppers, Hollandaise",food,1,1
208,-qfhVTtCpHny2ttc4XkcKw,0uR48n5SYcLE_DLcjONZPg,,inside,0,0
1313,-S5eFnsJBvQJJvfoYXPyrA,7wHLFohwCw8l6WS-feLjeg,"@endoedibles on Instagram Kentucky Fried Lobster  Buttermilk Dressing, Seasonal Salad",food,1,1
472,-s6uWGKVWLu4LNizzC5wLA,n72smZw1iVORdnjGfFT0FQ,Lots of seating inside Richmond Court Restaurant!,inside,0,0
4,-TdX8PBidQ3Qx5Ddj_kYTA,pzy9xWQqsDxVU6j9MktRJg,The decor!,inside,0,0
1223,-VK2Ns5NJoq3lO-dYUtRHA,IRbgMt0cVuzK1KSppU16_Q,,food,0,1
22,-wOgXLcm_exMm-N6fEw8fg,d8lmIZIqmBC9oPM8y1dc7Q,Yummy lunch at pacos,food,1,1
155,-xhFmn8bkchmdqhaoYPGCw,FhgAHo-8--equM8w5UZ41Q,Classic Blt on a Fresh Chapati,food,1,1
880,0BRWYBsMNM0i259MIdGBlw,UUGoM4q4i8rK2CBRS0xDAw,Digging into perfection! Inside of our raspberry cheesecake,food,1,1
927,0dF4QuO26y4FITKhuRvXmg,UUGoM4q4i8rK2CBRS0xDAw,,food,1,1
1165,0DQOFT7quDqKc7O1ZHCUCA,1qwkbN3wu3AGDxMTXVz2gA,,inside,0,0
479,0FrbrDZOQK4-cTY-mOPckg,TgcjQfl1E9DE-SjDVOUDJQ,"Dark and stormy ($11) - goslings, ginger beer, lime",drink,0,0
545,0G40bb59hlN1R8UymztpLw,64o_nYvzIKwHFOSYSEm-qw,,food,1,1
425,0gzvL9PiRdV0RfBtN0jRgw,ghVhlFpNhfBwWDFGSlt2JA,,food,0,1
1024,0HigBG1m-mVt2rLcYsoHGA,YSYDJTCt5kzY2kKnLNGRiA,"Asada, Pollo, & Carnitas",food,1,1
251,0hqvRvO-qaSndk6iBFzBFQ,gQnCTgwNFHfB40c8NoGAlw,,food,1,1
1118,0I4VeSsBZ9Wrro9M_lO5nw,wPiRP76arN0NB3M1ZXXp7g,,food,1,1
788,0j_bF0pKpTEU9u5PFUafnw,Q4AWWdBWe_ojYX1a4ffXFQ,Before garnish napol tacos,food,1,1
833,0nv5J1QVNhYRgjZiR9iNBw,vyQD-pu9jFKRXWI9tt16_Q,,drink,0,1
878,0QGXPEHptB5UYxecQGjEOQ,UUGoM4q4i8rK2CBRS0xDAw,Snicker cake.... So good,food,1,1
331,0rLEB-1wpK9CfruUJEnElg,ghVhlFpNhfBwWDFGSlt2JA,,food,0,1
988,0SgEQqUD4h6U_NUWioKItQ,pB9ZZGJaApSw2PMcOTc8og,California Rolls.,food,1,1
629,0t2b6CwNv9mYEuKsyiHc3g,Gaq3S9lmjXVcuDCZ8ulppw,oyster sashimi,food,1,1
35,0T2uBcCmVG_iBqKb5L3dBA,IZivKqtHyz4-ts8KsnvMrA,,inside,0,0
971,0TosoMgE4FEGj2fWc06X3w,w_Cw1-80276SAhHw2LJqFQ,Try on our Amazing Wraps & Buffalo Chips,food,1,1
1112,0tVQPZxdQOiA2DuH_-6uxQ,wPiRP76arN0NB3M1ZXXp7g,,outside,0,1
477,0tWKKnoaLc8NozcVURExDA,TgcjQfl1E9DE-SjDVOUDJQ,Roast Chopped Pork,food,1,1
1162,0UbPYe5yOKJT1HJwI5iQlw,1qwkbN3wu3AGDxMTXVz2gA,Signature Nachos,food,1,1
1259,0wIZN3Uvr1Lj-gDxaAa6Vw,9eu2lQMROTKdrPyGkwZLYw,,drink,1,1
691,0xAl-vyoCuMfMdEfD1AMfA,hLDEtvhH3Z5H1J5-3UM5kg,,food,1,1
135,0xdP0HX_LhbQJKVLio8Eig,gogO5RF4Rqz2THF1ATcCew,,inside,0,0
1397,0YsGgoecQ4-xv4d3hIaX-Q,7wHLFohwCw8l6WS-feLjeg,,inside,0,0
1057,14Vk0Bdb8DE5PANNdSt0QA,bxRFIGAcYREvDBT3Nw3Vaw,So many TVs,outside,0,0
944,16Yvs6OrIg5NvcJQlVKJqw,UUGoM4q4i8rK2CBRS0xDAw,,food,1,1
1438,1AU8OK49dbmJag0K68M4Pw,Mrqk1ydkvgKtlxrExCv6gQ,bouillabaisse,food,1,1
750,1cXURBXL27Kn52UTcMv7tg,pdE-moDQznZL4sUX-jGKdA,,food,1,1
1245,1d_XuE0VXZrk7Lg2rWJPSA,9eu2lQMROTKdrPyGkwZLYw,,drink,0,0
1192,1dewYYDikjBge3HJR1jN0Q,IRbgMt0cVuzK1KSppU16_Q,"Shrimp and Pork Shumai ($7 HH). These were very good, super juicy and flavorful! I'd cry paying $13 for these @ normal prices :(",food,1,1
1137,1Dnb4GFIPbx-MrbO5-syyg,1qwkbN3wu3AGDxMTXVz2gA,,inside,0,1
1258,1FZPBOwyMLZ1_9dExwybRQ,9eu2lQMROTKdrPyGkwZLYw,,food,1,1
767,1garSKHR776z4c1FDVqzZw,R1jJQi2yR44D_2ileqr8kA,,outside,0,1
943,1Gpgg_6NHyH0e8RjoITozQ,UUGoM4q4i8rK2CBRS0xDAw,,outside,0,0
885,1ibhUpxOALUb7c9HisHjIw,UUGoM4q4i8rK2CBRS0xDAw,,inside,0,0
463,1IWFhOm6OndmHeepEt0DFQ,fSBhe0A6Dfa8JCYccfpMog,"Lox bagel with the works, on an everything bagel.",food,0,1
1513,1KXhhm9zToXHiUrB_pOY9Q,mB_cI1tCrNxxvr2e2myNrQ,Wall of entertainment! And DJ is banging!,inside,0,0
125,1L61R9ZOj3t8RV6cEiSVYA,TulmRC5V0--dnXYd_GOSvA,,food,0,0
547,1OqTY7M0DMSm01wTPmH1_w,64o_nYvzIKwHFOSYSEm-qw,Small super meaty pie.,food,0,1
694,1QmX1tqFdlr09_CN9qKmoA,hLDEtvhH3Z5H1J5-3UM5kg,,food,1,1
1338,1QWmKlcWpsj7DBdNC8nV7Q,7wHLFohwCw8l6WS-feLjeg,"05/14/18 Other Mama: Mix Ceviche with Octopus, Shrimp, Whitefish, Habanero, Housemade Sweet Potato Chips",food,1,1
97,1qWvsG99ubcN_aVdMnIE1A,drNjH8Z63cgp8FWXh2hahA,,food,1,1
418,1rACkWIFmI2KZJZOl9OfqQ,ghVhlFpNhfBwWDFGSlt2JA,,food,0,1
158,1s9Q_w_mt6wnxHwYxIT2zw,FhgAHo-8--equM8w5UZ41Q,Feel good,inside,1,1
964,1uiogLmvg4ZZNoWKZVPluw,w_Cw1-80276SAhHw2LJqFQ,,food,1,1
220,1xcAwb9McEL9oWdUu6vBxw,gQnCTgwNFHfB40c8NoGAlw,Mac & Cheese,food,1,0
170,1ZbWePd0TvcDjTcS01EOAQ,FhgAHo-8--equM8w5UZ41Q,Mezzé Aux Vivres avec chapati,food,1,1
467,20IVIuX0-Z-OkvtPl7umUA,fSBhe0A6Dfa8JCYccfpMog,,food,0,0
160,26INfyOxHb62YCP42xeX2Q,FhgAHo-8--equM8w5UZ41Q,A little sweet anyone?,food,1,1
114,27H-FJTwH_QJFqVUEcGXzg,drNjH8Z63cgp8FWXh2hahA,,food,0,1
1332,28gWPbDKblmTTHOxbHIAVQ,7wHLFohwCw8l6WS-feLjeg,"05/14/18 Other Mama: Hush Puppies with Crab, Jalapenos, Spicy Remoulade",food,1,1
384,2DiCPKgALult3nM4V57gBA,ghVhlFpNhfBwWDFGSlt2JA,Mango mochi,food,1,1
502,2DMScCirDUVGMxeqhbDecQ,n2NRR4N-kmeDvhHJivHGkA,,outside,0,0
108,2ktcMAwYqlDItbdJAcmsgg,drNjH8Z63cgp8FWXh2hahA,Chicken miso ramen with add on seaweed.,food,1,1
567,2NmQVx3NgRxG52Blx_haCA,JhRxDdmZSGDG_u7cGxaYrw,The Original BBQ Chicken Pizza,food,1,1
732,2ouFn2sP_wYk7oOSMD5LBw,6lovZEiwWcRYRhyKd94DRg,carolina burger & smash sweet potato fries,food,1,1
481,2pTKfrz8Mz1qwJ4eDJM0NQ,TgcjQfl1E9DE-SjDVOUDJQ,fried chicken and grits,food,1,1
795,2RulahbqSsSl8IILdtrp3A,Q4AWWdBWe_ojYX1a4ffXFQ,,inside,0,1
1093,2Ttlf7S_W7m7mj8J6VMmXg,wPiRP76arN0NB3M1ZXXp7g,Calamaretti Fritti,food,1,1
1198,2Y-mds280DPk9bS-_SfXVg,IRbgMt0cVuzK1KSppU16_Q,,inside,0,0
1239,2YguKo256cgRB80AX0-9hg,9eu2lQMROTKdrPyGkwZLYw,SOCO Kitchen + Bar - brandade,food,1,1
1275,2zMH2-HLL-jC0tmzGvaAdA,7wHLFohwCw8l6WS-feLjeg,Oyster Foie Rockefeller,food,1,1
46,3_aqX0h0qEWn0yTgO_ylLQ,7tdVsSDXRKtLLC-fD1hJ-A,,food,0,1
923,31HuztW4yT5zJzj0GAkufA,UUGoM4q4i8rK2CBRS0xDAw,,inside,0,0
1075,31uHnco_HOWtMxrhpS_-7A,wPiRP76arN0NB3M1ZXXp7g,Appetizer sampler,food,0,1
84,3c2WpAE0d59oB0jRV4pLKw,WK6uBV2eSqb2wwEwXoFfNg,Just deliciousness,food,1,1
1160,3d0VmUbd6b_BmZbmMxqIPQ,1qwkbN3wu3AGDxMTXVz2gA,,outside,0,0
1442,3D4g1j7hKLGY24LMRC8WwA,kABF0hYfAEnl166mn1zR1A,,food,1,1
764,3dxe_DDrOJC12yOafUILzw,R1jJQi2yR44D_2ileqr8kA,,inside,0,0
291,3eHqLyU3TxZXTw4Snb0d5g,ghVhlFpNhfBwWDFGSlt2JA,,food,1,1
631,3FreLoiXxZsF6BnPr5skxg,Gaq3S9lmjXVcuDCZ8ulppw,atomic bomb (shrimp tempura with spicy crab and jalapeno on top in flaming hot chili sauce),food,1,1
849,3G5IDosY4aiEEwiuTrCYfA,BbOx9i_kDJBnE9K2hyqBTg,,outside,0,0
369,3ieaH020rh3SlG2kkrMvDQ,ghVhlFpNhfBwWDFGSlt2JA,KFC.,food,0,1
969,3kWfBRXc94YASCXU5JESdg,w_Cw1-80276SAhHw2LJqFQ,,inside,0,0
1262,3n7s-bEctjTzoS0_o5RRQQ,9eu2lQMROTKdrPyGkwZLYw,Steps from CN Tower.  @FoodLoversToronto on instagram for details,outside,0,0
1325,3pEpx6j6WW-E-n8mms957w,7wHLFohwCw8l6WS-feLjeg,@endoedibles on Instagram 12/11/17,inside,0,0
1105,3pLdQngTJZ68TjhjoHCquw,wPiRP76arN0NB3M1ZXXp7g,Prosciutto di Melone,food,1,1
734,3Q166QCV69FH0lezoIBUNg,6lovZEiwWcRYRhyKd94DRg,,outside,0,0
928,3QOtVFuy8rE8fG2bRwmOgw,UUGoM4q4i8rK2CBRS0xDAw,,food,1,1
166,3RMFCcTmrruUUrxHZ4swrQ,FhgAHo-8--equM8w5UZ41Q,,inside,0,0
482,3rwvCF1sdEWwlE44aR_SCA,TgcjQfl1E9DE-SjDVOUDJQ,brisket corn bread,food,1,1
1123,3sJSaNlbJyHiEWJEENVB5A,ZDDzKXN_JXe7694zePRuTQ,,outside,0,0
1059,3T-0yA0ZO8Hu56BXMfknLA,bxRFIGAcYREvDBT3Nw3Vaw,,inside,1,0
465,3tlWv4Gn-685hCJlNgBPHQ,fSBhe0A6Dfa8JCYccfpMog,Cheese bagel with scallion cream cheese.,food,1,1
1503,3uhp0bF3fNoT8Eh_wplQ5g,mB_cI1tCrNxxvr2e2myNrQ,,outside,0,0
257,3v9mIcXMcPidh4vwhs9zAw,gQnCTgwNFHfB40c8NoGAlw,,food,1,1
858,3wweKaxI9_1ovaaqp_ZKmw,UUGoM4q4i8rK2CBRS0xDAw,Espresso + Raspberry Tart + Coffee = Awesome night!,food,0,1
6,3XXI4WvZHmNjPcYw1k_p7g,pzy9xWQqsDxVU6j9MktRJg,Supersized!,food,0,1
842,41KVHEvbue_uChJjb_xpcg,VSX3ixrqQFwwGBUf15s0EQ,"Ok so I ate half and then remembered to take a pic...the half rotisserie chicken with ribs, slaw and fries!!!!",food,0,0
1445,41QmZpg4Wr-u8JGOkEg57w,kABF0hYfAEnl166mn1zR1A,,food,1,1
829,48NftPUI5AuqEYVdUcryPQ,vyQD-pu9jFKRXWI9tt16_Q,Shrek the Legend,inside,0,0
1023,4Aivs3JqZTkRlTVlmE0PbQ,YSYDJTCt5kzY2kKnLNGRiA,Sol Guacamole,food,0,1
1271,4BnN7lXnOoNsDit_fD-x2A,7wHLFohwCw8l6WS-feLjeg,Togarashi Waffle Fries with Miso Hollandaise,food,1,1
1277,4cNQsJTziciMC_bDzUdEqg,7wHLFohwCw8l6WS-feLjeg,"Latke with Sour Cream, Salmon Roe, Salt Cured Egg Yolk",food,1,1
1280,4czkWgaWItIdnuQJ0mf_yw,7wHLFohwCw8l6WS-feLjeg,Sake Butter and Soy Grilled Japanese Whelk and Mexican White Shrimp,food,1,1
634,4E2GPuc5CesxBWW699jEWw,Gaq3S9lmjXVcuDCZ8ulppw,popcorn scallop,food,1,1
74,4EwBWy-Y7Zbq_vBt3Laziw,WK6uBV2eSqb2wwEwXoFfNg,,food,0,1
292,4fBoIorLr3pFMU_Tp4_JHw,ghVhlFpNhfBwWDFGSlt2JA,,food,1,1
1393,4fhQdcABwN0SpD9Lw5bQBQ,7wHLFohwCw8l6WS-feLjeg,Other Mama open kitchen,inside,0,0
597,4FMVvay0veBDVdcP6IOBVg,8-8btzuYZCqEVOPwk0YYfA,,inside,0,0
558,4g75P5_Y_iHoD-rYCXipaA,JhRxDdmZSGDG_u7cGxaYrw,Fres Pressed Juices,drink,1,1
727,4ga70zfSxZvtGeHPj2JrqQ,Z1mLBp6BMlHSQUh364vk1g,Hawaiian big eye tuna with green tea soba,food,0,1
1002,4gJoFow93w0duMSgPUInNw,YSYDJTCt5kzY2kKnLNGRiA,,food,1,1
510,4h3HDVkWRnnZzlprGsCvBg,n2NRR4N-kmeDvhHJivHGkA,,food,1,1
175,4HV-T_q-GTTFWHZ9EIKYBA,FhgAHo-8--equM8w5UZ41Q,,outside,0,0
360,4jG_cpLbEXfdIuepBjUkZA,ghVhlFpNhfBwWDFGSlt2JA,,food,0,1
66,4KbSACKfgsewpo9daEJ2ww,pdTYUCGkYz35utxPyUMoag,,food,0,1
1045,4Lg01nYWXmsR6DNVsPYdUw,bxRFIGAcYREvDBT3Nw3Vaw,,inside,0,0
1017,4NN2oi65gb4ysYfEoRdtSw,YSYDJTCt5kzY2kKnLNGRiA,,food,0,1
840,4pvoBvbAfMqCyCV6u3aHSw,VSX3ixrqQFwwGBUf15s0EQ,A nice open kitchen.,inside,0,0
315,4rEM1mawkJzdo3jONhoo_w,ghVhlFpNhfBwWDFGSlt2JA,,food,1,1
382,4thhGA8493noQbyJ15_VRw,ghVhlFpNhfBwWDFGSlt2JA,Salmon,food,0,1
765,4WZkf7q7caKqNH6tBEXGCA,R1jJQi2yR44D_2ileqr8kA,,inside,0,0
743,4XDhfrCg6tfq93cy1u7AKw,pdE-moDQznZL4sUX-jGKdA,Barnyard burger,food,1,1
71,4yODrsY9ctPzDpEZ4Cxyig,QD1cjsSFtktPNtUDJWb--Q,table toppings,inside,0,0
124,4YvsQMAp5euVd1DEsWplPA,TulmRC5V0--dnXYd_GOSvA,Halfway through the meal and still full! XD haha,food,0,0
983,4ZerCkVKpdQY5C73Fn1otA,bs07-hLuz0dq06gIUwR5mw,,food,1,1
1428,4Zrm3BZUnE1mIVeru6KzeQ,5q6Xh-UcJa78bp6dzyaE7w,,food,1,1
1426,5_pg5TDD-xLKD6_xlsU2Ng,5q6Xh-UcJa78bp6dzyaE7w,,inside,0,0
639,51CLHksGuuOT_igcd85oKQ,Gaq3S9lmjXVcuDCZ8ulppw,Sake was very fresh today! Beautiful cuts of salmon :),food,1,1
217,54cVWKadvO3Fs9hO5m0DLA,gQnCTgwNFHfB40c8NoGAlw,Won Ton Happiness,food,1,1
1504,58z1l761Md064HW0uQvX6A,mB_cI1tCrNxxvr2e2myNrQ,Menu,inside,0,0
1110,59URqEZFO3CasnUMTRUq-A,wPiRP76arN0NB3M1ZXXp7g,,outside,0,0
454,5aouyg2O_ieDOW0c7g-WTA,-9eNGMp8XiygI8t8QFuFWw,,inside,1,1
293,5Cb16nLyythribtZ0FUqYA,ghVhlFpNhfBwWDFGSlt2JA,,food,1,1
756,5cifOwo6xOcxGyiHdVqGPA,pdE-moDQznZL4sUX-jGKdA,Ploughman's Platter (more than half was pickled),food,1,1
89,5d_84Gxsm-v80vm8TfNSLQ,drNjH8Z63cgp8FWXh2hahA,,food,0,1
718,5dAxvEh-bAkLd7kNAT8sBw,Z1mLBp6BMlHSQUh364vk1g,Delicious swordfish!,food,1,1
617,5fGeS-FDf6AWpYIrfIMFkw,8-8btzuYZCqEVOPwk0YYfA,We will surely visit some of your branches,outside,0,0
1263,5gOM_SLc6xIEfNoCeZbdxw,9eu2lQMROTKdrPyGkwZLYw,Not Fried Calamari ($15).  @FoodLoversToronto on instagram for details,food,1,1
1049,5H6DqmeT02pvs6V8riTSUg,bxRFIGAcYREvDBT3Nw3Vaw,,inside,0,0
348,5i_jz5O4sUuvlKkuxPTKdw,ghVhlFpNhfBwWDFGSlt2JA,,food,1,1
494,5KP9YonP2i9DpmXTZUrDdQ,n2NRR4N-kmeDvhHJivHGkA,Make your own S'mores!,food,1,1
853,5ME96BaZtw0TpE3S-qltIg,EP1do6l8hLyIGEru0gN3EQ,Veggie Pad Thai with extra tofu!  LOVE IT!!!,food,0,1
871,5OPOhyHNVIBp91_qHuofvQ,UUGoM4q4i8rK2CBRS0xDAw,,inside,0,1
79,5plEFhaWQ-B5cAJV7Z149A,WK6uBV2eSqb2wwEwXoFfNg,Cooper's red ale,drink,0,0
101,5qcQuzLGzOUGbV8jxQW6vw,drNjH8Z63cgp8FWXh2hahA,Chicki Chicki Don,food,1,1
1173,5RbtCqVvFTnOPAeV4yI1og,V_TxEdzeEs8P5nGPANOY7A,,food,1,1
412,5rFq4ochnB8H7glLehZ3cQ,ghVhlFpNhfBwWDFGSlt2JA,,inside,0,0
952,5rMURL_HZtYlVgNilqJjXA,UUGoM4q4i8rK2CBRS0xDAw,"Raspberry tart, chocolate eclair, flan",food,1,1
364,5sXvesuQ0Bdk9XLyz0ToKA,ghVhlFpNhfBwWDFGSlt2JA,,food,0,1
1252,5V7TdipB7U2nUu6wrJh71w,9eu2lQMROTKdrPyGkwZLYw,,outside,0,0
905,5vZ8NvRZxj8mXt1W87SL2Q,UUGoM4q4i8rK2CBRS0xDAw,Mango crepe with coconut ice cream!,food,1,1
1092,5wXVIp3ruQvbcJ0RqEJ9Aw,wPiRP76arN0NB3M1ZXXp7g,Freshly baked variety of fresh breads was so good,food,1,1
93,5XD1YDpmEEUHClqIzF9aNg,drNjH8Z63cgp8FWXh2hahA,,inside,0,0
388,5ydQWhbObFBgJFKjInSxzw,ghVhlFpNhfBwWDFGSlt2JA,Salmon,food,1,1
55,5zh-KE-9dXr4QgUbh-HiYg,pdTYUCGkYz35utxPyUMoag,The bar,inside,0,0
1289,60Lplu6du9OBx66BZ1GcrA,7wHLFohwCw8l6WS-feLjeg,"@endoedibles on Instagram Sea Cow and Plymouth with Rosemary Mignonette, Ponzu Salsa, Wasabi Cocktail Sauce, Habanero Pepper Sauce",food,1,1
341,60s6cOJaUGpNdJkFTT98ig,ghVhlFpNhfBwWDFGSlt2JA,Trout,food,0,1
25,61gqHZFFqGJ5CJio0AwxLw,IZivKqtHyz4-ts8KsnvMrA,Green Wow Milk w/ Boba!,food,0,0
808,64GF0QVBv04K8MyHln9O-w,owRpTuIch1DGwbt4Wwl1NQ,,food,0,1
938,66a4hYKLvNe2bcCsM03Igw,UUGoM4q4i8rK2CBRS0xDAw,,food,1,1
1488,6aQusMXgBqBjCIABIesVQQ,kABF0hYfAEnl166mn1zR1A,,food,1,1
497,6cwkvzMs7e8zJxt8X7oKUA,n2NRR4N-kmeDvhHJivHGkA,,inside,1,1
127,6DXZ3M5XBNl7fOYwIYzq_A,gogO5RF4Rqz2THF1ATcCew,Cilantro Albacore Roll,food,1,1
777,6gaLeLdbz24YrweZFojMlA,R1jJQi2yR44D_2ileqr8kA,Art,inside,0,0
426,6HGJ4yG_w2GWIsz4l9bkJg,ghVhlFpNhfBwWDFGSlt2JA,,inside,1,0
1279,6HzabYbNfAtDa01SdrtD1Q,7wHLFohwCw8l6WS-feLjeg,,inside,0,0
422,6iVNplQ9F3xOKyTwW2gHNA,ghVhlFpNhfBwWDFGSlt2JA,,food,1,1
248,6jspy5ANds36cbiv5HXCZg,gQnCTgwNFHfB40c8NoGAlw,,food,1,1
281,6LI9dV5kPAPpuw1d0xsu0g,4WW0U2mKgFYJILnWLmUwLA,,food,1,1
1343,6p_VHtnsn0UTQl_2thNA3w,7wHLFohwCw8l6WS-feLjeg,05/14/18 Other Mama: Blistered Shishito Peppers with Cauliflower and Pistachio,food,1,1
264,6r7QVDW2y3gicmiIszBGoA,1ylgrtS3iSNaf3V68kw4bw,"Great photos on the wall, grilled chicken on beet/pear salad, and bacon wrapped meat loaf with mushroom risotto and collards!",food,0,1
98,6uAysW6JlgQAb7GFtP1MUw,drNjH8Z63cgp8FWXh2hahA,,food,1,1
1227,6UkJhvcCoAPhysGmYaEHcA,IRbgMt0cVuzK1KSppU16_Q,,food,0,1
731,6VOIZFYPnm_xZaK226e92A,6lovZEiwWcRYRhyKd94DRg,fried pickles,food,0,1
735,6wUQ6PpzgISQYuok3WxMxA,6lovZEiwWcRYRhyKd94DRg,,outside,0,0
1339,7-Be3M_lJH5XKQPVy5_haw,7wHLFohwCw8l6WS-feLjeg,05/14/18 Other Mama: Mushroom Tempura with Soy and Remoulade,food,1,1
218,71r8gdfP9lSCPF3h54neQA,gQnCTgwNFHfB40c8NoGAlw,Salad Bar,inside,1,1
1122,7AbXCwENEOMgFxzslqNe2g,ZDDzKXN_JXe7694zePRuTQ,,inside,0,0
1430,7b8n8YIbXbevf4Vv74__7Q,Mrqk1ydkvgKtlxrExCv6gQ,Oysters,food,0,1
305,7C38m8bB7B-t2Eo3cnUejw,ghVhlFpNhfBwWDFGSlt2JA,,food,1,1
559,7cTaC9ynVQW33_UuJvUsYw,JhRxDdmZSGDG_u7cGxaYrw,Grilled Steak Salad,food,1,1
1026,7DgiPahl1hHPrMqqvg-w4Q,YSYDJTCt5kzY2kKnLNGRiA,Banana Bread,food,1,1
607,7ew5BOC6BZ5yVSTD2fTONg,8-8btzuYZCqEVOPwk0YYfA,,food,1,1
968,7HZTRB_nwTwLjEYjraJIZw,w_Cw1-80276SAhHw2LJqFQ,,food,1,1
1509,7JPBDNXCpxatWvC5vtIANg,mB_cI1tCrNxxvr2e2myNrQ,Nachos,food,0,1
106,7khYlXzyVEhpQZMeBbYktA,drNjH8Z63cgp8FWXh2hahA,Spicy fried chicken.,food,1,1
664,7kSbz00Lvw-4e8hGcimdBw,Gaq3S9lmjXVcuDCZ8ulppw,,food,0,0
42,7N_7QmfQZOjs-QcnJdBdNg,IZivKqtHyz4-ts8KsnvMrA,,inside,0,1
745,7NIhMu9k0g8tTzBK49z2vg,pdE-moDQznZL4sUX-jGKdA,"The Farmhouse Burger with duck fried egg, lettuce, goat cheese and thick cut bacon on a sesame bun.",food,1,1
1126,7pf0iIYgLKAPormuMltP1g,8cQc0BRbkSDSkLn6oFw3mw,Specials on the wall,inside,0,1
157,7QmVsdgwKaECif2uL80W2w,FhgAHo-8--equM8w5UZ41Q,Come and checkout our terrace !,outside,0,0
1361,7StR5FVcMXixxhMSKZ3IKg,7wHLFohwCw8l6WS-feLjeg,,food,1,1
863,7twqLFKsxbdDMn_0CVTgkw,UUGoM4q4i8rK2CBRS0xDAw,(photographed by Dave Hong),food,0,1
173,7wWWJcUt_9NEA7M9zl8XKw,FhgAHo-8--equM8w5UZ41Q,Mezzé Aux Vivres avec chapati,food,1,1
1269,7xk6rixNLfy82MDIBnnGGw,7wHLFohwCw8l6WS-feLjeg,Shrimp & Jalapeño Hush Puppies,food,1,1
196,7Yk5xLU2ZFPgKiEkzV-TFw,dztcNrIVDg6D-6sFOOofDA,Tea!,drink,0,0
1086,8_d9fuyjHa2Bto9op0X-EQ,wPiRP76arN0NB3M1ZXXp7g,,inside,0,0
1463,9amMreV0_yzf-zPuoqWcQw,kABF0hYfAEnl166mn1zR1A,Deliciousness! The braised pork was amazing,food,0,0
67,9bQoTdEkai2k7W5ftkA0Hw,pdTYUCGkYz35utxPyUMoag,,food,0,1
359,9dVMTWkAL2mUaxwG04C5IA,ghVhlFpNhfBwWDFGSlt2JA,,food,0,1
688,9e512UOXCvepXT_NLJcn8Q,hLDEtvhH3Z5H1J5-3UM5kg,,inside,0,0
70,9fCO4r2m2cNSvDDxkW6MGA,pdTYUCGkYz35utxPyUMoag,,inside,0,1
1455,9GL4E0qy0V1inKr0jM5kCQ,kABF0hYfAEnl166mn1zR1A,,food,1,1
955,9hSjBdysJANN9v8wuzqwoQ,UUGoM4q4i8rK2CBRS0xDAw,Berry crepe,food,1,1
942,9IuBxZjyIa3s3HMX3boPFg,UUGoM4q4i8rK2CBRS0xDAw,Strawberry banana,food,1,1
912,9KadsdTZsl3jBbLY8kBIFw,UUGoM4q4i8rK2CBRS0xDAw,Creme brulee $7,drink,0,0
1481,9kT-PeGMAOeBdRWKX5PPGw,kABF0hYfAEnl166mn1zR1A,,inside,0,0
1088,9KyknRtMkPl1pVxONilr0A,wPiRP76arN0NB3M1ZXXp7g,Seabass,food,0,0
1135,9L4L8H5C5ZObWi187hDy_Q,1qwkbN3wu3AGDxMTXVz2gA,,inside,1,0
1305,9lJg4QOfM9FC5c5EjWWSOQ,7wHLFohwCw8l6WS-feLjeg,"@endoedibles on Instagram Wild Shrimp  Garlic, Peewee Potatoes, Spinach",food,1,1
427,9LofagZDbbkWfudVdrOw0w,1o03kXj4zA-_SvN1HfqNyg,,food,1,1
595,9MAg9hBJFU75Qj4vW5PTZw,8-8btzuYZCqEVOPwk0YYfA,Gorgeous interior.,outside,0,0
362,9mDvIPADbJ2g4C9Vtl_2VQ,ghVhlFpNhfBwWDFGSlt2JA,Scallops were great,food,0,1
289,9MgvjaAQvelJR4qhiVjxOw,ghVhlFpNhfBwWDFGSlt2JA,,food,1,1
1496,9MoVe4MHyj-XK4X1CB6V6g,mB_cI1tCrNxxvr2e2myNrQ,Want to get married? This is it!,outside,0,0
812,9OKCTNV1_9q8Rhcs_XFKnA,aQXzyObFK-Frx1fM_hLhew,Very pretty,food,1,0
132,9SJXDENdD9Wi0iLFJJiGgw,gogO5RF4Rqz2THF1ATcCew,"Vegas Roll, Rose Roll, and a Salmon Skin Roll.",food,0,1
1213,9tE1VWVEDENNDGYsbCMfIw,IRbgMt0cVuzK1KSppU16_Q,Biggest Washington Apple around town!,food,0,1
275,9U7iUberDG0J_QwQ7bFEMQ,4RggTW3skfGuUt0MOY_zHw,,food,1,1
628,9VS6Fy2Z82wqGu9Ey5aB8w,fP8JqPAVh9MQ2OIlfvsKnw,So good,food,0,1
703,9XHM_E5cBYY-UypYKrSfiA,hLDEtvhH3Z5H1J5-3UM5kg,"Bison Tartare - Wild Ginger & Garlic Aioli, Piment D'Espelette, Pickled Fennel, Grilled Bread with Crema di Lardo",food,1,1
630,9XOacvwPfIUvQFwTfqLB1w,Gaq3S9lmjXVcuDCZ8ulppw,monster roll (spider roll with shrimp tempura and baked eel on top),food,1,1
1089,9Z0eUcLGxZUHIl6rak5Qbw,wPiRP76arN0NB3M1ZXXp7g,,outside,0,0
512,jiDbHbkCKOUZ23DZerEXdw,n2NRR4N-kmeDvhHJivHGkA,Spicy cold tofu,food,1,1
442,JIFK0iCjqkNdG_zrAvbrGw,-9eNGMp8XiygI8t8QFuFWw,,inside,0,0
529,jiGVqa89qnmo-T7tEVKb6w,l9B72QwKjUhEA-pLumCa5w,,food,0,1
722,jiZjpb0P3Zyyo1GovOxRbA,Z1mLBp6BMlHSQUh364vk1g,"My Blue Point Heaven -  lobster tail, shrimp, scallops, lobster mashers, green beans. Highly recommend!",food,1,1
1238,jj2TLGCke8xTJCBpmTv_FQ,9eu2lQMROTKdrPyGkwZLYw,SOCO Kitchen + Bar - SOCO burger,food,1,1
769,jjBUpOKqKC3PZpbRh_WYKg,R1jJQi2yR44D_2ileqr8kA,,food,1,1
365,jJpRSc5m1t6Wt4PZfIl2Tg,ghVhlFpNhfBwWDFGSlt2JA,,food,0,1
174,JlDokWSBsoYYbCfgfP6xlw,FhgAHo-8--equM8w5UZ41Q,,outside,0,0
423,JmMy4I6nL7dQgrHQz8Z7_Q,ghVhlFpNhfBwWDFGSlt2JA,,inside,0,0
1194,jMZ-BQeaz1JumI9UzDHLZA,IRbgMt0cVuzK1KSppU16_Q,Fried Smashed Potatoes ($12): Thai Curry Aïoli. THESE WERE AWESOME. Twice fried potatoes with a nice crispy texture...so good!,food,1,1
1270,JOGAhKz5uHDThI2UhAfytQ,7wHLFohwCw8l6WS-feLjeg,Caviar & French Toast - Crème Fraiche,food,0,1
654,jpdk1HFgaEVaR6k1a5SmUA,Gaq3S9lmjXVcuDCZ8ulppw,Uni -- DECENT,food,0,0
141,JpetD2hRQsWM0a9fW45GnA,gogO5RF4Rqz2THF1ATcCew,We just love this place,inside,0,0
221,jQv7lHbRJrECX5ptY1r-Aw,gQnCTgwNFHfB40c8NoGAlw,Chicken Noodle Soup,drink,1,1
985,jrgO2P6MxRy9MnKurfJdcg,bs07-hLuz0dq06gIUwR5mw,,drink,0,1
1302,jswdzyi6A_aKBfiHES1WSg,7wHLFohwCw8l6WS-feLjeg,"@endoedibles on Instagram Shishito Peppers  Cauliflower, Pistachio",food,1,1
349,jT5nAjajK-CzCW8RfhM2XA,ghVhlFpNhfBwWDFGSlt2JA,Scallop,food,0,1
356,jTEcWtqzCYFEUyhJXDD8yA,ghVhlFpNhfBwWDFGSlt2JA,Salmon Carpaccio,food,0,1
254,JtFxGCMMASZh2pDApFQRmA,gQnCTgwNFHfB40c8NoGAlw,,food,1,1
1183,jTH5rOvPnKarz2RFGTnaZQ,cPOAwA2qP0ihB6R783Kf_Q,,inside,0,0
1359,ju6av_8td6eDX30RQ9V6Hg,7wHLFohwCw8l6WS-feLjeg,"05/14/18 Other Mama: Crispy Jidori Chicken with Pipian, Golden Raisins and Braised Endive",food,1,1
449,jVMx9sS_eujTYPZ-CEab9A,-9eNGMp8XiygI8t8QFuFWw,,inside,0,0
1304,JW7Mj9SABomGtfmvrDkocA,7wHLFohwCw8l6WS-feLjeg,"@endoedibles on Instagram Oysters Rockefeller  Foie Gras Butter, Breadcrumbs",food,0,1
977,jW7OiXN48JqWM3gpsQb9qg,k2c7nIIDgY-FD6Yk-I_3Ww,,inside,0,0
1161,Jxi-uSP9L7zGH-h9OMD4hg,1qwkbN3wu3AGDxMTXVz2gA,,outside,0,0
925,jXzoSHyDQ2FiDwfuk9lB4g,UUGoM4q4i8rK2CBRS0xDAw,Easter themed,food,0,0
1274,jZ8TFLASi8Q91oh8V9zzfw,7wHLFohwCw8l6WS-feLjeg,"Pork Belly Kim Chi Fried Rice - Wild Mushroom, Fried Egg",food,1,1
460,jzc4UQcPLB6HvgJyV6ybSQ,fSBhe0A6Dfa8JCYccfpMog,"Special ordered Lox AND bacon, on a toasted garlic bagel with scallion cream cheese.  Do it",food,0,1
399,JZl7eB2aWiID4R4VRKqALg,ghVhlFpNhfBwWDFGSlt2JA,Salmon and salmon belly,food,1,1
209,K-u5VRkAL1oxYrhmA6fNpg,0uR48n5SYcLE_DLcjONZPg,,inside,0,0
13,k1zurf5QnwO4JqPgZqdIeA,d8lmIZIqmBC9oPM8y1dc7Q,,food,1,1
1071,k2Cyn7nggEO9sQNJ3DM79g,3QQEc5QUP-h6LCkUZQEYQw,Blue moon,inside,0,0
199,k2g5_7dCq_ZOqOarHk8Q5g,dztcNrIVDg6D-6sFOOofDA,The place!,inside,0,0
337,K43uEOOwbPzdMB1e8rUNjw,ghVhlFpNhfBwWDFGSlt2JA,Wood sculpture...interesting,inside,0,0
860,K7xO6keNK2BZ_2oWxgSmTQ,UUGoM4q4i8rK2CBRS0xDAw,Mango & Pistachio Gelato,drink,1,1
14,k8-inPA0I-1aUUDaN_yU8w,d8lmIZIqmBC9oPM8y1dc7Q,,food,1,0
825,k8jw1N3jkHr9T5hEbY7m9A,lGZD8uQwKueMXKGD-ltE1Q,Golden Chicken Sandwich,food,0,1
435,K960hI3r4bx4SX_TaR2b9A,DIdvV0HZUMZWiYg4OXyGJg,Pane Fritte...homemade dough sprinkled with powdered sugar and chocolate sauce for dipping,food,0,1
95,kAfnQIYFPR6xQuTvjAhouA,drNjH8Z63cgp8FWXh2hahA,,food,1,1
1200,KbHF2E-ZxgLfiswVGv0hWw,IRbgMt0cVuzK1KSppU16_Q,,inside,0,0
1056,Kbhg-39i3-MN2kl9u-C6_A,bxRFIGAcYREvDBT3Nw3Vaw,Pretty sweet bike,outside,0,0
598,kbMbTiT0BYU_DeejPptwWQ,8-8btzuYZCqEVOPwk0YYfA,Another full table,food,0,0
518,KbRb_b7ZTNzRsrRjtsCzog,n2NRR4N-kmeDvhHJivHGkA,Spicy Pork,food,1,0
1440,Kc-VoawOvwGU4WpeQBPjTA,kABF0hYfAEnl166mn1zR1A,C1: Sliced pork & mushroom w/ knife sliced noodle,food,1,1
1410,KcV3MAv_5NI43SZq3HzO_g,5q6Xh-UcJa78bp6dzyaE7w,,food,1,1
1034,KcWH7TR2hO3TnY81gvEmGA,9Cv6nCZ8v2jFMx-pbCwkzQ,,outside,0,0
1154,Kgw42uzl1TqjwDkEd8wAjQ,1qwkbN3wu3AGDxMTXVz2gA,,outside,0,0
421,KHZKqDJaxlIt0g0G4RlJxA,ghVhlFpNhfBwWDFGSlt2JA,,food,1,1
273,KIeGlrx3kb-wWLDM1YJHag,4RggTW3skfGuUt0MOY_zHw,Mango smoothie,drink,0,1
1456,kJya3OowyPsHg1HEK8vBDg,kABF0hYfAEnl166mn1zR1A,,drink,0,0
415,KLkhwe66_2K7ltVRdPFJBA,ghVhlFpNhfBwWDFGSlt2JA,K pop on point. Who's controlling the sweet vids?!,inside,0,0
1316,kmb1PfS7GHRGy75LQr9xoQ,7wHLFohwCw8l6WS-feLjeg,"@endoedibles on Instagram Whole Grilled Branzino  Sweet Potatoes, Rosemary, Seasonal Salad",food,1,1
1215,kMfOYixcnypCH5-fDp0fYA,IRbgMt0cVuzK1KSppU16_Q,Diver sea scallops with mustard miso.,food,0,1
1151,kmouQnsx8cdBbwAtc-j0NA,1qwkbN3wu3AGDxMTXVz2gA,,inside,0,0
414,KMyjAg1Ju7hlMWxDQAQ-vA,ghVhlFpNhfBwWDFGSlt2JA,,food,1,1
1039,KoL_tDHFD9G-NlW9M5DjpQ,9Cv6nCZ8v2jFMx-pbCwkzQ,"Golden fried chicken sandwich with bacon, one of the best chicken sandwiches I've ever had.",food,1,1
329,KoQqXcGIDfnJq6aSCJ27BQ,ghVhlFpNhfBwWDFGSlt2JA,"Popcorn lobster, Super man, Snow in Vegas",food,0,1
907,Kpr994zI9iFHQjEn3I9WIA,UUGoM4q4i8rK2CBRS0xDAw,Vanilla cheesecake with raspberry compote,food,0,0
544,KQ9DpXOFoaswwEho7a8IbA,64o_nYvzIKwHFOSYSEm-qw,,inside,0,0
147,krrMjjW8phtUOMznN-K8zg,FhgAHo-8--equM8w5UZ41Q,,food,1,1
100,KS2x_8ZB4AeIoObLshghIA,drNjH8Z63cgp8FWXh2hahA,,inside,0,0
641,Kswi0ci3HM7ZSHkYTFCDKg,Gaq3S9lmjXVcuDCZ8ulppw,"Ahi Poke. Tuna was fresh, and the seaweed salad was good too!",food,1,1
516,kt-LTyV6COqjVp9y8qfhjA,n2NRR4N-kmeDvhHJivHGkA,"The corn takes about 10 mins to get ready, it was sweet and buttery.",food,0,0
521,ktExz1hvUQ7iAmtcNwvnpQ,n2NRR4N-kmeDvhHJivHGkA,Chicken Karaage,food,0,1
1415,kukZH3fFTVW-nxEHcM3kog,5q6Xh-UcJa78bp6dzyaE7w,,food,0,1
657,kV3iS8PyIuB7wXXkVGprjA,Gaq3S9lmjXVcuDCZ8ulppw,Berry Parfait,food,0,1
308,KV4lmWq-7cVXiYRVHvQFsA,ghVhlFpNhfBwWDFGSlt2JA,,food,1,1
992,Kv9z4CJh5RYPCyaEnqWJaw,YSYDJTCt5kzY2kKnLNGRiA,Mexican Onion Soup,food,0,0
1261,kVt5pmJMZZL5hyNlPiEKYQ,9eu2lQMROTKdrPyGkwZLYw,Beef Cheeks ($29).  @FoodLoversToronto on instagram for details,food,1,1
801,kvV-rLlvpaQTMwEsI5UMog,fB4cb6uvz-QngtYP0fbfAw,"My tried-and-true favorite salmon (ordered medium-rare), open-faced sushi, and sashimi (Mother's Day Dinner 5/13/2012)",food,0,1
1379,kvv2yFBxAJOrYsqKQMfokQ,7wHLFohwCw8l6WS-feLjeg,Small fried oyster on top makes this Deviled Egg bite delicious!,food,1,1
405,KwW2CmTvEfof7g5RtfApQQ,ghVhlFpNhfBwWDFGSlt2JA,Desserts,food,1,1
740,kxs68ovQq8kvzHOiLsW0kw,udFcIcbWbxrO8uLF95WnQg,Seating,inside,0,0
841,L1-ukmSNUaLE4Wuq3OTLsA,VSX3ixrqQFwwGBUf15s0EQ,The Spit fire chicken...absolutely delicious; falls off the bone and is like a holiday in your mouth.,food,1,1
636,L1CyyuGx_-v_VEL2qmnq9w,Gaq3S9lmjXVcuDCZ8ulppw,Oyshi sushi roll,food,1,1
1172,l2P3wYw_3IXlZUtann6SZQ,V_TxEdzeEs8P5nGPANOY7A,,outside,0,0
1046,l7FF7cZ_mN_14JZVqS98QA,bxRFIGAcYREvDBT3Nw3Vaw,Diablo Burger,food,1,1
1322,l8w4zIDPRj3-LIov2M-9JQ,7wHLFohwCw8l6WS-feLjeg,"@endoedibles on Instagram Kim Chi Fried Rice  Pork Belly, Farm Egg",food,1,0
1394,laph9e2dc8rU_XNZkpeYRw,7wHLFohwCw8l6WS-feLjeg,Wow- wonderfully fresh and tasty,food,0,1
266,lCUkdRVoXooTmO80cOUOAQ,1ylgrtS3iSNaf3V68kw4bw,,inside,0,0
1454,ldDR91kS8V_vp52yN7ATDA,kABF0hYfAEnl166mn1zR1A,,food,1,1
1376,LddV-EzfnNM7VXotq5wGqw,7wHLFohwCw8l6WS-feLjeg,Fried Oyster Tacos with housemade tortillas made with wagyu fat,food,1,1
1345,Lg4v_FqXB_x3OLRUM4gujg,7wHLFohwCw8l6WS-feLjeg,05/14/18 Other Mama: Japanese Fried Chicken with Buttermilk Dressing,food,1,1
408,LG7sAIy51Sevf4ZxmuS22A,ghVhlFpNhfBwWDFGSlt2JA,All You Can Eat Sushi!,food,1,1
1297,LI-_62Y_viO9J6d_lGGwDQ,7wHLFohwCw8l6WS-feLjeg,"@endoedibles on Instagram Deviled Eggs  Fried Oysters, Pickled Peppers",food,1,1
991,LIAvw_QR9yle_3H135Ja0A,pB9ZZGJaApSw2PMcOTc8og,The cheetah!!,food,1,0
200,LJ2lids73hP9bijSoqUF1Q,dztcNrIVDg6D-6sFOOofDA,"Seed bar- gross, too too sweet",food,0,0
1100,LK1HbJS0P4_6WolTSS3sbQ,wPiRP76arN0NB3M1ZXXp7g,,outside,0,0
344,LKJIvNdUHLOboUXj5mmQsg,ghVhlFpNhfBwWDFGSlt2JA,Popcorn lobster,food,0,1
129,Lnfo687qPmVXE5p3YoKr-w,gogO5RF4Rqz2THF1ATcCew,,inside,0,1
235,loh3-FSJhTQJdl0YLF-rIQ,gQnCTgwNFHfB40c8NoGAlw,,food,1,1
1331,lpLer5nteH887-nMbwzSJg,7wHLFohwCw8l6WS-feLjeg,05/14/18 Other Mama: Edamame with Yuzu,food,1,1
282,LQ4TSHyfCdioMr0aWOXbnQ,4WW0U2mKgFYJILnWLmUwLA,,inside,0,0
725,lqfFXKB6PhhSnqr5mBg03Q,Z1mLBp6BMlHSQUh364vk1g,,inside,1,1
1396,LREsWjYhiIGHhOVF0RvC2Q,7wHLFohwCw8l6WS-feLjeg,,food,0,1
269,lrqH_skEsoYMsLgi4N2Q5Q,4RggTW3skfGuUt0MOY_zHw,"Hot & Sour Pad Thai Chicken, $6.95
 It was neither hot, nor sour.  It's ok.",food,0,1
1436,LSAaVS4n8c5E54t-9Co2Lw,Mrqk1ydkvgKtlxrExCv6gQ,,food,0,1
624,LSaWS_NTyaBhkSB7z2Zzxw,fP8JqPAVh9MQ2OIlfvsKnw,,food,1,1
154,lsgPLj1wzSlVqz086Ov-Mw,FhgAHo-8--equM8w5UZ41Q,Always good to visit us on brunch days! Every Saturday and Sunday from 10am to 4pm.,food,1,1
1163,LsQUN0rGpVZ6CLyCUtvX3g,1qwkbN3wu3AGDxMTXVz2gA,,inside,0,0
1,lt3Oe20lpIkrcjNQVRV2ag,7cMnc_zSPenfSQa9_199CA,,food,0,0
140,LWb40HDACgv9oeHN9H2rEQ,gogO5RF4Rqz2THF1ATcCew,,food,1,1
1078,lXVJLzBNEd5qWuoX1d1okQ,wPiRP76arN0NB3M1ZXXp7g,Upstairs private dining room,inside,0,0
707,lyWUR3WNAWzXdVCGj9b9KQ,hLDEtvhH3Z5H1J5-3UM5kg,Their cool copper ceiling light,inside,0,0
560,M-nXBq2cuLu3VwIpVjuiig,JhRxDdmZSGDG_u7cGxaYrw,Thai Crunch Salad,food,1,1
1048,m-PWC8ey-v0COStTPTEW7Q,bxRFIGAcYREvDBT3Nw3Vaw,Dragoon Brewery Santa Cruz,drink,0,0
490,m1EcGSx5wTyf988eaXCmBA,n2NRR4N-kmeDvhHJivHGkA,Some of the dishes from the Shogun group menu.,food,0,1
1443,M20P-Bi-8w0cVEYONroX2w,kABF0hYfAEnl166mn1zR1A,,food,1,1
228,M68f-ZiQsrsEsldqx9-ABg,gQnCTgwNFHfB40c8NoGAlw,,food,1,0
817,MaHdbt39e48mTrvCfzkQ5A,7gHdVSAz_Dm1wS1ZImJSiQ,,inside,0,0
440,MamTK0tuYjdj45705I1_Jg,-9eNGMp8XiygI8t8QFuFWw,,food,1,0
1400,McnNRGO6UvxEAL2DBsrJbQ,7wHLFohwCw8l6WS-feLjeg,Insta collage of the feast,food,0,1
1340,MCprMALgkEv9cFELecO06w,7wHLFohwCw8l6WS-feLjeg,05/14/18 Other Mama: Blistered Shishito Peppers with Cauliflower and Pistachio,food,1,1
1141,mCS4rYFYwFWQL00W5xvPEQ,1qwkbN3wu3AGDxMTXVz2gA,Exterior,outside,0,0
1287,mcy4h92Hf7w_ucD26vxMNA,7wHLFohwCw8l6WS-feLjeg,"@endoedibles on Instagram Sea Cow and Plymouth with Rosemary Mignonette, Ponzu Salsa, Wasabi Cocktail Sauce, Habanero Pepper Sauce",food,1,1
1337,mcYSw7M4JF5DGjgFwZEfGA,7wHLFohwCw8l6WS-feLjeg,"05/14/18 Other Mama: Mix Ceviche with Octopus, Shrimp, Whitefish, Habanero, Housemade Sweet Potato Chips",food,1,1
715,Md_oXieDzElCk5FYTMbY4Q,hLDEtvhH3Z5H1J5-3UM5kg,Chinese-style marinated mussels and baked oysters with cheese on top,food,0,1
525,Mf8Yoosm3buTHCiSxQqA2Q,n2NRR4N-kmeDvhHJivHGkA,,food,0,1
402,mG_Xzl2NHtxXjDYGgKOvVQ,ghVhlFpNhfBwWDFGSlt2JA,Salmon cappacio,food,1,1
231,mGQOjFJT7fjNseuNSn2mWA,gQnCTgwNFHfB40c8NoGAlw,,food,1,1
1159,mGTj3r3F4jGSPiBIzeiCxQ,1qwkbN3wu3AGDxMTXVz2gA,,outside,0,0
1247,mgVrwctfDL48OqY44wjq9g,9eu2lQMROTKdrPyGkwZLYw,,food,1,1
1335,MH07JgBB9p1KEQD_T2XatQ,7wHLFohwCw8l6WS-feLjeg,05/14/18 Other Mama: Hushpuppy (interior),food,0,0
343,MHLtMTs685wfU6k1mRixeA,ghVhlFpNhfBwWDFGSlt2JA,Really cool interior,inside,0,0
931,MhrIjvR12XDqIvgu9kIFSA,UUGoM4q4i8rK2CBRS0xDAw,,inside,0,1
144,MIvNbUGuUV6RHPYuvsO8yA,gogO5RF4Rqz2THF1ATcCew,Food for two people only! Haha,food,0,1
699,miWLW-CWt-rNPu1Gy3tsoA,hLDEtvhH3Z5H1J5-3UM5kg,Whelk $14/ Leclads $18,food,0,1
206,MjDdiouuIHcUQ8kd-o3J1w,tX1fI1TgkvPQNYvwABea0w,Minced Meat on Rice and Honey Green Tea with LG Tapioca,food,1,1
582,MJdNDAEKSrrNBnGwdprW6A,JhRxDdmZSGDG_u7cGxaYrw,Mexican Street Corn,food,0,1
864,MK6xyLU_xAivI-IfkJQZrg,UUGoM4q4i8rK2CBRS0xDAw,,food,0,1
238,MkKlD87yC2yGilm1tZhogA,gQnCTgwNFHfB40c8NoGAlw,,food,1,1
375,MMu-Z5P8DgDbJZa8zX_2Vw,ghVhlFpNhfBwWDFGSlt2JA,,food,0,0
916,MPeEGYF_6W4ufbTnrq4euA,UUGoM4q4i8rK2CBRS0xDAw,,drink,1,1
989,mPKdnFAl2h9_Du5AJhDQMw,pB9ZZGJaApSw2PMcOTc8og,Tootzy and las Vegas roll; baby calimari and scallop poppers. Happy hour.,food,0,1
967,mpznrv6_HcfaSYv1UISJ_Q,w_Cw1-80276SAhHw2LJqFQ,Try our Amazing Buffalo Chicken Salads,food,1,1
933,MQ88R-yEwM3kvrvqXpEsNg,UUGoM4q4i8rK2CBRS0xDAw,,food,1,0
260,mQBybwcVKq8rh94q059csA,gQnCTgwNFHfB40c8NoGAlw,,food,1,1
61,MQk1iYhJdhTCtrNEShMDNw,pdTYUCGkYz35utxPyUMoag,Corn,food,0,1
1109,mqSYtj1QhsnRC0tYiE5lDQ,wPiRP76arN0NB3M1ZXXp7g,Team dinner,inside,0,0
1114,mQtHjJmdG31TCFDUIGyk5g,wPiRP76arN0NB3M1ZXXp7g,,inside,0,0
979,mqWWAKuwISXlRzictom0Gw,bs07-hLuz0dq06gIUwR5mw,Our Happy Hour Mussels,food,1,1
587,mS6BmXS9QTSucVoWPFU4kg,8-8btzuYZCqEVOPwk0YYfA,,food,1,1
823,msnIdTeWEhqfcpRm26gzpQ,lGZD8uQwKueMXKGD-ltE1Q,,inside,0,0
439,mTjMuhFfdKIyk4IPaL2JsA,gHutuGMMMH-5Qv9DbemLFw,,inside,0,0
741,MU6EKFxAwYaHm58r7SMtoA,pdE-moDQznZL4sUX-jGKdA,View of some dining space + open kitchen,inside,0,0
737,MUIpOCyz4a_5y2Q3DTDAMw,udFcIcbWbxrO8uLF95WnQg,,food,0,1
701,mut1oonNpRIIlJcL7F5zkA,hLDEtvhH3Z5H1J5-3UM5kg,"Venison Liver & Foie Gras Parfait with Red Currant gastrique, bread Crisps",food,1,1
205,mVAfFeCPbFG-wkEU8odwMQ,tX1fI1TgkvPQNYvwABea0w,Entire shop wide-angle,inside,0,0
1153,mVDCpm7ZB0XWzZQ99Hi-pg,1qwkbN3wu3AGDxMTXVz2gA,Golf lesson,outside,1,0
283,Mw_RS4WkZ0QET0GUovzfyg,ghVhlFpNhfBwWDFGSlt2JA,The warm decor... nicely done.,inside,0,1
1191,mwckOWiGCQ7AUqFdF-10Tw,IRbgMt0cVuzK1KSppU16_Q,"The Lulu ($7 HH): Grey Goose, Malibu, Creme de Peche & Disaronno. This was good! A bit sweet and sour but pretty tasty.",drink,0,0
276,MWKFA_rtRXkhVpGEDfN44w,4RggTW3skfGuUt0MOY_zHw,Mango salad,food,1,1
232,MWzxUpE_k96ZutarGlFPpA,gQnCTgwNFHfB40c8NoGAlw,,food,0,1
1169,MxmcFtgNd7OxaJdPiTctNA,V_TxEdzeEs8P5nGPANOY7A,Greek Roulette,food,0,0
1398,mXOe38svuwxpf97U-RV-ZQ,7wHLFohwCw8l6WS-feLjeg,That's where that Hannah comes from!,inside,0,0
785,MY_THNvzUv_u1otr7xTIgg,Q4AWWdBWe_ojYX1a4ffXFQ,,outside,0,0
94,mYf5YwI9euz7Qli5_Y8HZw,drNjH8Z63cgp8FWXh2hahA,,inside,1,0
729,mZDE1Pc1XSs6lvm0_1-sPg,Z1mLBp6BMlHSQUh364vk1g,"Salmon Caesars salad, delicious !",food,0,1
1094,MZq4B7SE764QtpmozP_HVg,wPiRP76arN0NB3M1ZXXp7g,Seasonal olive oil grilled veggies served with the baked whole sea bass,food,1,1
809,mZQzty5VG9Bp0hp22n_7Ug,owRpTuIch1DGwbt4Wwl1NQ,Menu Board,inside,0,0
789,mzX5g3qZa7xeLeUMlNWF8Q,Q4AWWdBWe_ojYX1a4ffXFQ,With garnishes,food,0,1
566,n1HRh9LjfDLaxb93DRshsw,JhRxDdmZSGDG_u7cGxaYrw,Butter Cake with Vanilla Haagen-Dazs,food,1,1
458,N3_MrtlKkf-iSJXb_83MFQ,-9eNGMp8XiygI8t8QFuFWw,Chocolate fondue!!!!,food,0,1
1127,n390zVcsrYw3MwYinWdaTA,8cQc0BRbkSDSkLn6oFw3mw,,inside,0,0
1097,N77WnBJJ395qbB1F92COeg,wPiRP76arN0NB3M1ZXXp7g,,outside,0,0
1195,n7frh-HYBIjyQsEFLCPPKQ,IRbgMt0cVuzK1KSppU16_Q,Our friend is a pastry chef here...she let us try some of the ice cream!  :P,food,1,1
334,N8NOiP5q-crYZUTHySGl4A,ghVhlFpNhfBwWDFGSlt2JA,The Hawaiian Sushi.#boomshaka,food,0,1
1139,n9viTLQwqGS1ZNC1nZmIIg,1qwkbN3wu3AGDxMTXVz2gA,,outside,0,0
1248,nB5Edh0iQ1tRzAAB3pzBQw,9eu2lQMROTKdrPyGkwZLYw,Mac and cheese (side),food,0,1
1366,Nbol0AoGgtjcOgVU95BYIQ,7wHLFohwCw8l6WS-feLjeg,,food,0,1
1384,NboWMv9jPl91IxRdBT7NeA,7wHLFohwCw8l6WS-feLjeg,Blue Point Oysters ($1/each!),food,1,1
163,nbqISLQPtrIc_N5ho5biBg,FhgAHo-8--equM8w5UZ41Q,DRAGON,food,1,1
1377,nd0fTe86dIzViNRSwyXvWg,7wHLFohwCw8l6WS-feLjeg,Whaley Good Time,inside,0,1
56,nd7WIjeLd1ZQgZ4TAKx6cw,pdTYUCGkYz35utxPyUMoag,Mexican street corn.,food,0,1
1431,nGli9cK86x8ebqhcu2i1Wg,Mrqk1ydkvgKtlxrExCv6gQ,,food,1,1
1180,nI9u5UXtlwlZUAFGrcZwbA,TKp9PDs8jFbshfg6xOcM6A,Inside bar area,inside,0,0
165,NKLscWXAOAdJT1zDwQzgig,FhgAHo-8--equM8w5UZ41Q,,inside,0,0
759,NLPwAr-UOQ4r7V3on0g69A,R1jJQi2yR44D_2ileqr8kA,View straight ahead upon entering,inside,0,0
420,nMRUqeiXZFfBi8SdZvDcqQ,ghVhlFpNhfBwWDFGSlt2JA,California roll,food,1,1
1327,nn8Gq3PvWCTX5XKD0DRpJw,7wHLFohwCw8l6WS-feLjeg,05/14/18 Other Mama Private Dining Room,inside,0,0
383,NP252-PKN49BVVM449CQ7Q,ghVhlFpNhfBwWDFGSlt2JA,Fried banana with cherry ice cream,food,1,1
1125,nRF-3c5yQr_3qfsKI178ug,8cQc0BRbkSDSkLn6oFw3mw,,food,0,1
363,NRnoYS-2MMEPU7Qw9QUW6g,ghVhlFpNhfBwWDFGSlt2JA,Eel was great!,food,0,1
1020,NSthE_GhyCwpid5iEWIRqQ,YSYDJTCt5kzY2kKnLNGRiA,Perfect place to have a 50th month anniversary,food,0,0
395,Nt4pUL5G4vaT8s1l8SBnfg,ghVhlFpNhfBwWDFGSlt2JA,911 Roll,food,1,1
1041,nta1zZuaXXV5tXpXnIDwzA,bxRFIGAcYREvDBT3Nw3Vaw,Private bar available for large groups.,inside,0,1
679,ntBF1MuczNtxvMxFFD8u9Q,3cAy1gxlprn1ue0q3L_ziw,,food,1,1
915,NtJTNDXwOeWjFj4zVVYCjw,UUGoM4q4i8rK2CBRS0xDAw,Chicken Buckwheat Crêpe ($11.95),food,0,0
377,nuKUjQIBPSzmyKiffmBdfA,ghVhlFpNhfBwWDFGSlt2JA,,inside,0,0
49,NWTnImwich2GUOSVKxkb5g,ZCrK07xb6w5Vi1vathV0NQ,,inside,0,0
1416,NXCrdyFNHMbakuSr5N6UXQ,5q6Xh-UcJa78bp6dzyaE7w,,food,1,1
237,NXqmR3LSC2vbBNOXBhRXWw,gQnCTgwNFHfB40c8NoGAlw,,food,1,1
1474,nXSP042ZD_poSffcPoZxAw,kABF0hYfAEnl166mn1zR1A,Pan with noodle dough,food,0,0
970,NxtTYv8Dp_ODekJJfo9v-w,w_Cw1-80276SAhHw2LJqFQ,,food,1,1
960,O-6fsHadeo3QpulCQBiS1Q,w_Cw1-80276SAhHw2LJqFQ,,food,1,0
602,o00dISpPpG4n-FxohRZaKQ,8-8btzuYZCqEVOPwk0YYfA,,food,0,1
1241,O05BDzWvLNSeA1qVsFcpZg,9eu2lQMROTKdrPyGkwZLYw,SOCO Kitchen + Bar - chocolate pot de creme,food,1,1
473,o0ypaZkOK-ZuLPjs0-8qBg,n72smZw1iVORdnjGfFT0FQ,,food,0,1
385,o4VlQR8YT_El04HLo6uIDA,ghVhlFpNhfBwWDFGSlt2JA,Salmon skin hand roll,food,1,1
1220,O6OjCGNqAASEaQH8SAfyog,IRbgMt0cVuzK1KSppU16_Q,IG - @frombeyondtheplate,food,0,1
314,O6QHwaeIZCc3ArQFmoDF3w,ghVhlFpNhfBwWDFGSlt2JA,,food,1,0
102,o74urearQ-ZQumzxAWvOAg,drNjH8Z63cgp8FWXh2hahA,Octopus wasabi tacos,food,0,0
1149,o75bsf6D0LFU1mNMBmAEYg,1qwkbN3wu3AGDxMTXVz2gA,,outside,0,0
1098,o8VLfcFTw0B955CEqGlFIg,wPiRP76arN0NB3M1ZXXp7g,,food,0,1
1413,O96UwAf-mmmkQoI9fL3enA,5q6Xh-UcJa78bp6dzyaE7w,Looks like I'm the only early bird today.,inside,0,0
929,O9vzywreRNlMg3issJOC_A,UUGoM4q4i8rK2CBRS0xDAw,,inside,0,0
1022,OAq81h01veYwjIrJ2bG38w,YSYDJTCt5kzY2kKnLNGRiA,Salsas,food,1,1
1178,oBbkHIx8hYjRj8cIzGL6Lg,TKp9PDs8jFbshfg6xOcM6A,,food,1,1
441,OcNHTiRwj30PtPrJLJh8NQ,-9eNGMp8XiygI8t8QFuFWw,,outside,0,1
779,OdMNU7HPdxTLXzTPl9vQew,R1jJQi2yR44D_2ileqr8kA,,food,1,0
403,OdopW30Fti5DY7VdFYchCw,ghVhlFpNhfBwWDFGSlt2JA,"The pang (Salmon, crab, cream cheese, and eel sauce on toast)",food,0,1
28,odwMYv254RomFAab5apjqg,IZivKqtHyz4-ts8KsnvMrA,Thank you Lane giving oranji elephant a new home!,inside,0,0
434,OECoKohttuuqEP_d3UWePw,DIdvV0HZUMZWiYg4OXyGJg,(Back) Chicken Parmigiana and Spaghetti (Front) Saturday Special Tortellini with Pink Sauce Garlic bread included with both,food,0,1
947,ofgx7pDrZA8BR25d_d71Qg,UUGoM4q4i8rK2CBRS0xDAw,,inside,0,0
838,oGPDl1RMgeb4mnEbULZERw,VSX3ixrqQFwwGBUf15s0EQ,Swordfish with cauliflower special,food,0,1
1294,OiHcQQyfYd0oIjeBlpWShQ,7wHLFohwCw8l6WS-feLjeg,"@endoedibles on Instagram Deviled Eggs  Fried Oysters, Pickled Peppers",food,1,1
286,OjXK6kxu9CwFz-AJGNDDWg,ghVhlFpNhfBwWDFGSlt2JA,Ocean trout,food,1,1
1158,ok85I5JzYx2xNz_tPNL5mA,1qwkbN3wu3AGDxMTXVz2gA,,inside,0,0
837,okBrjWNOPvm9f7H9owuVBw,VSX3ixrqQFwwGBUf15s0EQ,Waldorf chicken salad,food,0,1
555,OKF9gEGnN6meO_1UvOoUKQ,eSENXDnnNSo-MLLkWJQ8Vg,Aztec Tinga taco and Mayan Cochinita Pibil taco,food,0,1
267,oL5TG5MsuYMaIfwzqJyCUQ,1ylgrtS3iSNaf3V68kw4bw,,menu,0,0
531,oLdv2eoe7ExsQ2R5SgfcZQ,64o_nYvzIKwHFOSYSEm-qw,,inside,0,1
1063,oLNRcllOvVeS7gb1K5ZYKw,bxRFIGAcYREvDBT3Nw3Vaw,One of the three banks of the craft brew taps,inside,0,0
918,Olu_2tzPXwtITwHaci9seg,UUGoM4q4i8rK2CBRS0xDAw,World's largest chocolate fountain,inside,0,0
855,OLxxhf_IflTE06NGdjcyIg,UUGoM4q4i8rK2CBRS0xDAw,,food,1,1
733,ONJ9h1oUbCEqFob4VxFTfw,6lovZEiwWcRYRhyKd94DRg,Outside Smashburger in Stonecrest,outside,0,0
612,OnQvHUKxCajAiZGG5hejqQ,8-8btzuYZCqEVOPwk0YYfA,,inside,0,0
1310,oNrnjsjioCXh2g_g8maNnw,7wHLFohwCw8l6WS-feLjeg,"@endoedibles on Instagram Rhode Island Calamari  Pickled Peppers, Hollandaise",food,1,1
304,Oo_KccMeUkRD63hx_ZeZ_Q,ghVhlFpNhfBwWDFGSlt2JA,,food,1,1
978,Op1_d5MHsyqjnbmQo32Hfw,k2c7nIIDgY-FD6Yk-I_3Ww,,inside,0,0