,photoId,value,business_id,caption,label,good1,I/Ni,NewGood,good,useful,Unnamed: 10,photoIdOrig,norm,fp,tp,fn,tn,fpFood,tpFood,fnFood,tnFood,fpInside,tpInside,fnInside,tnInside,fpOutside,tpOutside,fnOutside,tnOutside,fpDrink,tpDrink,fnDrink,tnDrink
0,3kwfbrxc94yascxu5jesdg,1,w_Cw1-80276SAhHw2LJqFQ,,inside,0,0,0,1,1,,3kWfBRXc94YASCXU5JESdg,1,0,3kwfbrxc94yascxu5jesdg,0,0,0,0,0,0,0,3kwfbrxc94yascxu5jesdg,0,0,0,0,0,0,0,0,0,0
1,_80kyh9a5cfng-rwwdr6ia,0.976911234,1qwkbN3wu3AGDxMTXVz2gA,Sunset from the front door,outside,0,0,1,1,0,,_80kyh9A5cFNG-RwwDR6iA,1,0,_80kyh9a5cfng-rwwdr6ia,0,0,0,0,0,0,0,0,0,0,0,_80kyh9a5cfng-rwwdr6ia,0,0,0,0,0,0
2,9move4mhyj-xk4x1cb6v6g,0.949955073,mB_cI1tCrNxxvr2e2myNrQ,Want to get married? This is it!,outside,0,0,1,1,0,,9MoVe4MHyj-XK4X1CB6V6g,1,0,9move4mhyj-xk4x1cb6v6g,0,0,0,0,0,0,0,0,0,0,0,9move4mhyj-xk4x1cb6v6g,0,0,0,0,0,0
3,6voizfypnm_xzak226e92a,0.875555018,6lovZEiwWcRYRhyKd94DRg,fried pickles,food,0,1,1,1,1,,6VOIZFYPnm_xZaK226e92A,1,0,6voizfypnm_xzak226e92a,0,0,0,6voizfypnm_xzak226e92a,0,0,0,0,0,0,0,0,0,0,0,0,0,0
4,jifk0icjqkndg_zravbrgw,0.871214709,-9eNGMp8XiygI8t8QFuFWw,,inside,0,0,1,1,1,,JIFK0iCjqkNdG_zrAvbrGw,1,0,jifk0icjqkndg_zravbrgw,0,0,0,0,0,0,0,jifk0icjqkndg_zravbrgw,0,0,0,0,0,0,0,0,0,0
5,o75bsf6d0lfu1mnmbmaeyg,0.862308141,1qwkbN3wu3AGDxMTXVz2gA,,outside,0,0,0,0,0,,o75bsf6D0LFU1mNMBmAEYg,1,o75bsf6d0lfu1mnmbmaeyg,0,0,0,0,0,0,0,0,0,0,0,o75bsf6d0lfu1mnmbmaeyg,0,0,0,0,0,0,0
6,5aouyg2o_iedow0c7g-wta,0.861094326,-9eNGMp8XiygI8t8QFuFWw,,inside,1,1,1,1,1,,5aouyg2O_ieDOW0c7g-WTA,1,0,5aouyg2o_iedow0c7g-wta,0,0,0,0,0,0,0,5aouyg2o_iedow0c7g-wta,0,0,0,0,0,0,0,0,0,0
7,5kp9yonp2i9dpmxtzurddq,0.842855566,n2NRR4N-kmeDvhHJivHGkA,Make your own S'mores!,food,1,1,1,1,1,,5KP9YonP2i9DpmXTZUrDdQ,1,0,5kp9yonp2i9dpmxtzurddq,0,0,0,5kp9yonp2i9dpmxtzurddq,0,0,0,0,0,0,0,0,0,0,0,0,0,0
8,n1hrh9ljfdlaxb93drshsw,0.821274874,JhRxDdmZSGDG_u7cGxaYrw,Butter Cake with Vanilla Haagen-Dazs,food,1,1,1,1,1,,n1HRh9LjfDLaxb93DRshsw,1,0,n1hrh9ljfdlaxb93drshsw,0,0,0,n1hrh9ljfdlaxb93drshsw,0,0,0,0,0,0,0,0,0,0,0,0,0,0
9,kbhg-39i3-mn2kl9u-c6_a,0.820455155,bxRFIGAcYREvDBT3Nw3Vaw,Pretty sweet bike,outside,0,0,0,0,0,,Kbhg-39i3-MN2kl9u-C6_A,1,kbhg-39i3-mn2kl9u-c6_a,0,0,0,0,0,0,0,0,0,0,0,kbhg-39i3-mn2kl9u-c6_a,0,0,0,0,0,0,0
10,58z1l761md064hw0uqvx6a,0.819383214,mB_cI1tCrNxxvr2e2myNrQ,Menu,inside,0,0,1,1,1,,58z1l761Md064HW0uQvX6A,1,0,58z1l761md064hw0uqvx6a,0,0,0,0,0,0,0,58z1l761md064hw0uqvx6a,0,0,0,0,0,0,0,0,0,0
11,jrgo2p6mxry9mnkurfjdcg,0.810839214,bs07-hLuz0dq06gIUwR5mw,,drink,0,1,1,1,1,,jrgO2P6MxRy9MnKurfJdcg,1,0,jrgo2p6mxry9mnkurfjdcg,0,0,0,0,0,0,0,0,0,0,0,0,0,0,0,jrgo2p6mxry9mnkurfjdcg,0,0
12,mcnnrgo6uvxeal2dbsrjbq,0.806646034,7wHLFohwCw8l6WS-feLjeg,Insta collage of the feast,food,0,1,1,1,1,,McnNRGO6UvxEAL2DBsrJbQ,1,0,mcnnrgo6uvxeal2dbsrjbq,0,0,0,mcnnrgo6uvxeal2dbsrjbq,0,0,0,0,0,0,0,0,0,0,0,0,0,0
13,_15wzgb3qonopto5yiz8rg,0.801958919,ZDDzKXN_JXe7694zePRuTQ,Seating,inside,0,0,1,1,1,,_15wZGb3QONopTo5yiZ8Rg,1,0,_15wzgb3qonopto5yiz8rg,0,0,0,0,0,0,0,_15wzgb3qonopto5yiz8rg,0,0,0,0,0,0,0,0,0,0
14,_8b40xrtabqop1qxbpgtta,0.796651761,TKp9PDs8jFbshfg6xOcM6A,,food,1,1,1,1,1,,_8B40xRtabQop1QXbpGTtA,1,0,_8b40xrtabqop1qxbpgtta,0,0,0,_8b40xrtabqop1qxbpgtta,0,0,0,0,0,0,0,0,0,0,0,0,0,0
15,jvmx9ss_eujtypz-ceab9a,0.795422182,-9eNGMp8XiygI8t8QFuFWw,,inside,0,0,1,1,1,,jVMx9sS_eujTYPZ-CEab9A,1,0,jvmx9ss_eujtypz-ceab9a,0,0,0,0,0,0,0,jvmx9ss_eujtypz-ceab9a,0,0,0,0,0,0,0,0,0,0
16,nd0fte86dizvinrswyxvwg,0.79226416,7wHLFohwCw8l6WS-feLjeg,Whaley Good Time,inside,0,1,1,1,1,,nd0fTe86dIzViNRSwyXvWg,1,0,nd0fte86dizvinrswyxvwg,0,0,0,0,0,0,0,nd0fte86dizvinrswyxvwg,0,0,0,0,0,0,0,0,0,0
17,7ew5boc6bz5yvstd2ftong,0.79144444,8-8btzuYZCqEVOPwk0YYfA,,food,1,1,1,1,1,,7ew5BOC6BZ5yVSTD2fTONg,1,0,7ew5boc6bz5yvstd2ftong,0,0,0,7ew5boc6bz5yvstd2ftong,0,0,0,0,0,0,0,0,0,0,0,0,0,0
18,71r8gdfp9lscpf3h54neqa,0.782064958,gQnCTgwNFHfB40c8NoGAlw,Salad Bar,inside,1,1,1,1,0,,71r8gdfP9lSCPF3h54neQA,1,0,71r8gdfp9lscpf3h54neqa,0,0,0,0,0,0,0,71r8gdfp9lscpf3h54neqa,0,0,0,0,0,0,0,0,0,0
19,0df4quo26y4fitkhurvxmg,0.777645829,UUGoM4q4i8rK2CBRS0xDAw,,food,1,1,1,1,1,,0dF4QuO26y4FITKhuRvXmg,1,0,0df4quo26y4fitkhurvxmg,0,0,0,0df4quo26y4fitkhurvxmg,0,0,0,0,0,0,0,0,0,0,0,0,0,0
20,obbkhix8hyjrj8cizgl6lg,0.772617165,TKp9PDs8jFbshfg6xOcM6A,,food,1,1,1,1,1,,oBbkHIx8hYjRj8cIzGL6Lg,1,0,obbkhix8hyjrj8cizgl6lg,0,0,0,obbkhix8hyjrj8cizgl6lg,0,0,0,0,0,0,0,0,0,0,0,0,0,0
21,nn8gq3pvwctx5xkd0drpjw,0.769995113,7wHLFohwCw8l6WS-feLjeg,05/14/18 Other Mama Private Dining Room,inside,0,0,0,0,0,,nn8Gq3PvWCTX5XKD0DRpJw,1,nn8gq3pvwctx5xkd0drpjw,0,0,0,0,0,0,0,nn8gq3pvwctx5xkd0drpjw,0,0,0,0,0,0,0,0,0,0,0
22,1qmx1tqfdlr09_cn9qkmoa,0.765082051,hLDEtvhH3Z5H1J5-3UM5kg,,food,1,1,1,1,1,,1QmX1tqFdlr09_CN9qKmoA,1,0,1qmx1tqfdlr09_cn9qkmoa,0,0,0,1qmx1tqfdlr09_cn9qkmoa,0,0,0,0,0,0,0,0,0,0,0,0,0,0
23,n77wnbjj395qbb1f92coeg,0.758865844,wPiRP76arN0NB3M1ZXXp7g,,outside,0,0,0,1,1,,N77WnBJJ395qbB1F92COeg,1,0,n77wnbjj395qbb1f92coeg,0,0,0,0,0,0,0,0,0,0,0,n77wnbjj395qbb1f92coeg,0,0,0,0,0,0
24,nta1zzuaxxv5txpxnidwza,0.753154081,bxRFIGAcYREvDBT3Nw3Vaw,Private bar available for large groups.,inside,0,1,0,1,1,,nta1zZuaXXV5tXpXnIDwzA,1,0,nta1zzuaxxv5txpxnidwza,0,0,0,0,0,0,0,nta1zzuaxxv5txpxnidwza,0,0,0,0,0,0,0,0,0,0
25,kol_tdhfd9g-nlw9m5djpq,0.752103159,9Cv6nCZ8v2jFMx-pbCwkzQ,"Golden fried chicken sandwich with bacon, one of the best chicken sandwiches I've ever had.",food,1,1,1,1,1,,KoL_tDHFD9G-NlW9M5DjpQ,1,0,kol_tdhfd9g-nlw9m5djpq,0,0,0,kol_tdhfd9g-nlw9m5djpq,0,0,0,0,0,0,0,0,0,0,0,0,0,0
26,1s9q_w_mt6wnxhwyxit2zw,0.746186465,FhgAHo-8--equM8w5UZ41Q,Feel good,inside,1,1,1,1,1,,1s9Q_w_mt6wnxHwYxIT2zw,1,0,1s9q_w_mt6wnxhwyxit2zw,0,0,0,0,0,0,0,1s9q_w_mt6wnxhwyxit2zw,0,0,0,0,0,0,0,0,0,0
27,jw7oixn48jqwm3gpsqb9qg,0.744610081,k2c7nIIDgY-FD6Yk-I_3Ww,,inside,0,0,1,0,1,,jW7OiXN48JqWM3gpsQb9qg,1,jw7oixn48jqwm3gpsqb9qg,0,0,0,0,0,0,0,jw7oixn48jqwm3gpsqb9qg,0,0,0,0,0,0,0,0,0,0,0
28,olnrcllovves7gb1k5zykw,0.739418525,bxRFIGAcYREvDBT3Nw3Vaw,One of the three banks of the craft brew taps,inside,0,0,0,0,0,,oLNRcllOvVeS7gb1K5ZYKw,1,olnrcllovves7gb1k5zykw,0,0,0,0,0,0,0,olnrcllovves7gb1k5zykw,0,0,0,0,0,0,0,0,0,0,0
29,jj2tlgcke8xtjcbpmtv_fq,0.731999012,9eu2lQMROTKdrPyGkwZLYw,SOCO Kitchen + Bar - SOCO burger,food,1,1,1,1,1,,jj2TLGCke8xTJCBpmTv_FQ,1,0,jj2tlgcke8xtjcbpmtv_fq,0,0,0,jj2tlgcke8xtjcbpmtv_fq,0,0,0,0,0,0,0,0,0,0,0,0,0,0
30,mgtj3r3f4jgspibizeicxq,0.731736282,1qwkbN3wu3AGDxMTXVz2gA,,outside,0,0,1,1,1,,mGTj3r3F4jGSPiBIzeiCxQ,1,0,mgtj3r3f4jgspibizeicxq,0,0,0,0,0,0,0,0,0,0,0,mgtj3r3f4jgspibizeicxq,0,0,0,0,0,0
31,jz8tflasi8q91oh8v9zzfw,0.730669595,7wHLFohwCw8l6WS-feLjeg,"Pork Belly Kim Chi Fried Rice - Wild Mushroom, Fried Egg",food,1,1,1,1,1,,jZ8TFLASi8Q91oh8V9zzfw,1,0,jz8tflasi8q91oh8v9zzfw,0,0,0,jz8tflasi8q91oh8v9zzfw,0,0,0,0,0,0,0,0,0,0,0,0,0,0
32,7xk6rixnlfy82mdibnnggw,0.730475175,7wHLFohwCw8l6WS-feLjeg,Shrimp & Jalape�o Hush Puppies,food,1,1,1,1,1,,7xk6rixNLfy82MDIBnnGGw,1,0,7xk6rixnlfy82mdibnnggw,0,0,0,7xk6rixnlfy82mdibnnggw,0,0,0,0,0,0,0,0,0,0,0,0,0,0
33,kcv3mav_5ni43szq3hzo_g,0.727637684,5q6Xh-UcJa78bp6dzyaE7w,,food,1,1,1,1,1,,KcV3MAv_5NI43SZq3HzO_g,1,0,kcv3mav_5ni43szq3hzo_g,0,0,0,kcv3mav_5ni43szq3hzo_g,0,0,0,0,0,0,0,0,0,0,0,0,0,0
34,o9vzywrernlmg3issjoc_a,0.724269478,UUGoM4q4i8rK2CBRS0xDAw,,inside,0,0,1,1,1,,O9vzywreRNlMg3issJOC_A,1,0,o9vzywrernlmg3issjoc_a,0,0,0,0,0,0,0,o9vzywrernlmg3issjoc_a,0,0,0,0,0,0,0,0,0,0
35,#NAME?,0.723717743,FhgAHo-8--equM8w5UZ41Q,Classic Blt on a Fresh Chapati,food,1,1,0,1,1,,#NAME?,1,0,#NAME?,0,0,0,#NAME?,0,0,0,0,0,0,0,0,0,0,0,0,0,0
36,kgw42uzl1tqjwdked8wajq,0.720585994,1qwkbN3wu3AGDxMTXVz2gA,,outside,0,0,1,1,1,,Kgw42uzl1TqjwDkEd8wAjQ,1,0,kgw42uzl1tqjwdked8wajq,0,0,0,0,0,0,0,0,0,0,0,kgw42uzl1tqjwdked8wajq,0,0,0,0,0,0
37,9l4l8h5c5zobwi187hdy_q,0.720097315,1qwkbN3wu3AGDxMTXVz2gA,,inside,1,0,1,1,0,,9L4L8H5C5ZObWi187hDy_Q,1,0,9l4l8h5c5zobwi187hdy_q,0,0,0,0,0,0,0,9l4l8h5c5zobwi187hdy_q,0,0,0,0,0,0,0,0,0,0
38,6dxz3m5xbnl7foywiyzq_a,0.71665029,gogO5RF4Rqz2THF1ATcCew,Cilantro Albacore Roll,food,1,1,1,1,1,,6DXZ3M5XBNl7fOYwIYzq_A,1,0,6dxz3m5xbnl7foywiyzq_a,0,0,0,6dxz3m5xbnl7foywiyzq_a,0,0,0,0,0,0,0,0,0,0,0,0,0,0
39,k8-inpa0i-1auudan_yu8w,0.715163235,d8lmIZIqmBC9oPM8y1dc7Q,,food,1,0,1,1,1,,k8-inPA0I-1aUUDaN_yU8w,1,0,k8-inpa0i-1auudan_yu8w,0,0,0,k8-inpa0i-1auudan_yu8w,0,0,0,0,0,0,0,0,0,0,0,0,0,0
40,1iwfhom6ondmheepet0dfq,0.714364533,fSBhe0A6Dfa8JCYccfpMog,"Lox bagel with the works, on an everything bagel.",food,0,1,1,1,1,,1IWFhOm6OndmHeepEt0DFQ,1,0,1iwfhom6ondmheepet0dfq,0,0,0,1iwfhom6ondmheepet0dfq,0,0,0,0,0,0,0,0,0,0,0,0,0,0
41,2oufn2sp_wyk7oosmd5lbw,0.713450231,6lovZEiwWcRYRhyKd94DRg,carolina burger & smash sweet potato fries,food,1,1,1,1,1,,2ouFn2sP_wYk7oOSMD5LBw,1,0,2oufn2sp_wyk7oosmd5lbw,0,0,0,2oufn2sp_wyk7oosmd5lbw,0,0,0,0,0,0,0,0,0,0,0,0,0,0
42,mwzxupe_k96zutarglfppa,0.713439722,gQnCTgwNFHfB40c8NoGAlw,,food,0,1,1,1,1,,MWzxUpE_k96ZutarGlFPpA,1,0,mwzxupe_k96zutarglfppa,0,0,0,mwzxupe_k96zutarglfppa,0,0,0,0,0,0,0,0,0,0,0,0,0,0
43,5qcquzlgzougbv8jxqw6vw,0.7117057,drNjH8Z63cgp8FWXh2hahA,Chicki Chicki Don,food,1,1,1,1,1,,5qcQuzLGzOUGbV8jxQW6vw,1,0,5qcquzlgzougbv8jxqw6vw,0,0,0,5qcquzlgzougbv8jxqw6vw,0,0,0,0,0,0,0,0,0,0,0,0,0,0
44,my_thnvzuv_u1otr7xtigg,0.70803798,Q4AWWdBWe_ojYX1a4ffXFQ,,outside,0,0,0,1,1,,MY_THNvzUv_u1otr7xTIgg,1,0,my_thnvzuv_u1otr7xtigg,0,0,0,0,0,0,0,0,0,0,0,my_thnvzuv_u1otr7xtigg,0,0,0,0,0,0
45,mw_rs4wkz0qet0guovzfyg,0.700854925,ghVhlFpNhfBwWDFGSlt2JA,The warm decor... nicely done.,inside,0,1,0,0,1,,Mw_RS4WkZ0QET0GUovzfyg,1,mw_rs4wkz0qet0guovzfyg,0,0,0,0,0,0,0,mw_rs4wkz0qet0guovzfyg,0,0,0,0,0,0,0,0,0,0,0
46,mq88r-yewm3kvrvqxpesng,0.699814512,UUGoM4q4i8rK2CBRS0xDAw,,food,1,0,1,1,0,,MQ88R-yEwM3kvrvqXpEsNg,1,0,mq88r-yewm3kvrvqxpesng,0,0,0,mq88r-yewm3kvrvqxpesng,0,0,0,0,0,0,0,0,0,0,0,0,0,0
47,ks2x_8zb4aeiooblshghia,0.699593818,drNjH8Z63cgp8FWXh2hahA,,inside,0,0,1,1,1,,KS2x_8ZB4AeIoObLshghIA,1,0,ks2x_8zb4aeiooblshghia,0,0,0,0,0,0,0,ks2x_8zb4aeiooblshghia,0,0,0,0,0,0,0,0,0,0
48,jogahkz5uhdthi2uhafytq,0.695085361,7wHLFohwCw8l6WS-feLjeg,Caviar & French Toast - Cr�me Fraiche,food,0,1,1,1,1,,JOGAhKz5uHDThI2UhAfytQ,1,0,jogahkz5uhdthi2uhafytq,0,0,0,jogahkz5uhdthi2uhafytq,0,0,0,0,0,0,0,0,0,0,0,0,0,0
49,mivnbuguuv6rhpyuvso8ya,0.693146409,gogO5RF4Rqz2THF1ATcCew,Food for two people only! Haha,food,0,1,1,1,1,,MIvNbUGuUV6RHPYuvsO8yA,1,0,mivnbuguuv6rhpyuvso8ya,0,0,0,mivnbuguuv6rhpyuvso8ya,0,0,0,0,0,0,0,0,0,0,0,0,0,0
50,6r7qvdw2y3gicmiiszbgoa,0.689867531,1ylgrtS3iSNaf3V68kw4bw,"Great photos on the wall, grilled chicken on beet/pear salad, and bacon wrapped meat loaf with mushroom risotto and collards!",food,0,1,1,1,1,,6r7QVDW2y3gicmiIszBGoA,1,0,6r7qvdw2y3gicmiiszbgoa,0,0,0,6r7qvdw2y3gicmiiszbgoa,0,0,0,0,0,0,0,0,0,0,0,0,0,0
51,n7frh-hybijyqseflcppkq,0.689762439,IRbgMt0cVuzK1KSppU16_Q,Our friend is a pastry chef here...she let us try some of the ice cream!  :P,food,1,1,1,1,1,,n7frh-HYBIjyQsEFLCPPKQ,1,0,n7frh-hybijyqseflcppkq,0,0,0,n7frh-hybijyqseflcppkq,0,0,0,0,0,0,0,0,0,0,0,0,0,0
52,nxttyv8dp_odekjjfo9v-w,0.688606424,w_Cw1-80276SAhHw2LJqFQ,,food,1,1,1,1,1,,NxtTYv8Dp_ODekJJfo9v-w,1,0,nxttyv8dp_odekjjfo9v-w,0,0,0,nxttyv8dp_odekjjfo9v-w,0,0,0,0,0,0,0,0,0,0,0,0,0,0
53,2ptkfrz8mz1qwj4edjm0nq,0.688412004,TgcjQfl1E9DE-SjDVOUDJQ,fried chicken and grits,food,1,1,1,1,1,,2pTKfrz8Mz1qwJ4eDJM0NQ,1,0,2ptkfrz8mz1qwj4edjm0nq,0,0,0,2ptkfrz8mz1qwj4edjm0nq,0,0,0,0,0,0,0,0,0,0,0,0,0,0
54,-ooleqtmdu-7r-bl6rexbg,0.687807723,7wHLFohwCw8l6WS-feLjeg,,food,1,1,0,1,1,,-oOleqTMDU-7r-Bl6Rexbg,1,0,-ooleqtmdu-7r-bl6rexbg,0,0,0,-ooleqtmdu-7r-bl6rexbg,0,0,0,0,0,0,0,0,0,0,0,0,0,0
55,lsgplj1wzslvqz086ov-mw,0.686614926,FhgAHo-8--equM8w5UZ41Q,Always good to visit us on brunch days! Every Saturday and Sunday from 10am to 4pm.,food,1,1,1,1,1,,lsgPLj1wzSlVqz086Ov-Mw,1,0,lsgplj1wzslvqz086ov-mw,0,0,0,lsgplj1wzslvqz086ov-mw,0,0,0,0,0,0,0,0,0,0,0,0,0,0
56,5v7tdipb7u2nuu6wrjh71w,0.685043797,9eu2lQMROTKdrPyGkwZLYw,,outside,0,0,1,0,1,,5V7TdipB7U2nUu6wrJh71w,1,5v7tdipb7u2nuu6wrjh71w,0,0,0,0,0,0,0,0,0,0,0,5v7tdipb7u2nuu6wrjh71w,0,0,0,0,0,0,0
57,5cifowo6xocxgyihdvqgpa,0.679699857,pdE-moDQznZL4sUX-jGKdA,Ploughman's Platter (more than half was pickled),food,1,1,1,1,1,,5cifOwo6xOcxGyiHdVqGPA,1,0,5cifowo6xocxgyihdvqgpa,0,0,0,5cifowo6xocxgyihdvqgpa,0,0,0,0,0,0,0,0,0,0,0,0,0,0
58,_unkwyvvygpo5rrw3xccya,0.676757274,Mrqk1ydkvgKtlxrExCv6gQ,Oysters: approximately $3.00 each,food,1,0,1,1,1,,_unKwYVvYGpO5rRW3xcCYA,1,0,_unkwyvvygpo5rrw3xccya,0,0,0,_unkwyvvygpo5rrw3xccya,0,0,0,0,0,0,0,0,0,0,0,0,0,0
59,oo_kccmeukrd63hx_zez_q,0.676562853,ghVhlFpNhfBwWDFGSlt2JA,,food,1,1,1,1,1,,Oo_KccMeUkRD63hx_ZeZ_Q,1,0,oo_kccmeukrd63hx_zez_q,0,0,0,oo_kccmeukrd63hx_zez_q,0,0,0,0,0,0,0,0,0,0,0,0,0,0
60,9mgvjaaqveljr4qhivjxow,0.676562853,ghVhlFpNhfBwWDFGSlt2JA,,food,1,1,1,1,1,,9MgvjaAQvelJR4qhiVjxOw,1,0,9mgvjaaqveljr4qhivjxow,0,0,0,9mgvjaaqveljr4qhivjxow,0,0,0,0,0,0,0,0,0,0,0,0,0,0
61,oldv2eoe7exsq2r5sgfczq,0.673262957,64o_nYvzIKwHFOSYSEm-qw,,inside,0,1,0,0,1,,oLdv2eoe7ExsQ2R5SgfcZQ,1,oldv2eoe7exsq2r5sgfczq,0,0,0,0,0,0,0,oldv2eoe7exsq2r5sgfczq,0,0,0,0,0,0,0,0,0,0,0
62,4hv-t_q-gttfwhz9eikyba,0.672642912,FhgAHo-8--equM8w5UZ41Q,,outside,0,0,1,1,1,,4HV-T_q-GTTFWHZ9EIKYBA,1,0,4hv-t_q-gttfwhz9eikyba,0,0,0,0,0,0,0,0,0,0,0,4hv-t_q-gttfwhz9eikyba,0,0,0,0,0,0
63,ocnhtirwj30ptprjljh8nq,0.672106942,-9eNGMp8XiygI8t8QFuFWw,,outside,0,1,0,1,1,,OcNHTiRwj30PtPrJLJh8NQ,1,0,ocnhtirwj30ptprjljh8nq,0,0,0,0,0,0,0,0,0,0,0,ocnhtirwj30ptprjljh8nq,0,0,0,0,0,0
64,_mm3gmsjnxacanuk4waizw,0.671812684,IRbgMt0cVuzK1KSppU16_Q,,inside,0,0,0,0,1,,_mM3GMsJnxacanUk4waIzw,1,_mm3gmsjnxacanuk4waizw,0,0,0,0,0,0,0,_mm3gmsjnxacanuk4waizw,0,0,0,0,0,0,0,0,0,0,0
65,_8tn02g8warjtdcu1e7fnw,0.671334514,wPiRP76arN0NB3M1ZXXp7g,,inside,0,0,0,0,0,,_8tN02g8wArjtdcu1e7Fnw,1,_8tn02g8warjtdcu1e7fnw,0,0,0,0,0,0,0,_8tn02g8warjtdcu1e7fnw,0,0,0,0,0,0,0,0,0,0,0
66,4wzkf7q7cakqnh6tbexgca,0.664818795,R1jJQi2yR44D_2ileqr8kA,,inside,0,0,0,0,1,,4WZkf7q7caKqNH6tBEXGCA,1,4wzkf7q7cakqnh6tbexgca,0,0,0,0,0,0,0,4wzkf7q7cakqnh6tbexgca,0,0,0,0,0,0,0,0,0,0,0
67,4gjofow93w0dumsgpuinnw,0.662737968,YSYDJTCt5kzY2kKnLNGRiA,,food,1,1,1,1,1,,4gJoFow93w0duMSgPUInNw,1,0,4gjofow93w0dumsgpuinnw,0,0,0,4gjofow93w0dumsgpuinnw,0,0,0,0,0,0,0,0,0,0,0,0,0,0
68,4ga70zfsxzvtgehpj2jrqq,0.662554057,Z1mLBp6BMlHSQUh364vk1g,Hawaiian big eye tuna with green tea soba,food,0,1,0,0,1,,4ga70zfSxZvtGeHPj2JrqQ,1,4ga70zfsxzvtgehpj2jrqq,0,0,0,4ga70zfsxzvtgehpj2jrqq,0,0,0,0,0,0,0,0,0,0,0,0,0,0,0
69,kvt5pmjmzzl5hynlpiekyq,0.662380655,9eu2lQMROTKdrPyGkwZLYw,Beef Cheeks ($29).  @FoodLoversToronto on instagram for details,food,1,1,1,1,1,,kVt5pmJMZZL5hyNlPiEKYQ,1,0,kvt5pmjmzzl5hynlpiekyq,0,0,0,kvt5pmjmzzl5hynlpiekyq,0,0,0,0,0,0,0,0,0,0,0,0,0,0
70,jw7mj9sabomgtfmvrdkoca,0.66162399,7wHLFohwCw8l6WS-feLjeg,"@endoedibles on Instagram Oysters Rockefeller � Foie Gras Butter, Breadcrumbs",food,0,1,1,1,1,,JW7Mj9SABomGtfmvrDkocA,1,0,jw7mj9sabomgtfmvrdkoca,0,0,0,jw7mj9sabomgtfmvrdkoca,0,0,0,0,0,0,0,0,0,0,0,0,0,0
71,-8ps33v2xs4ci26tfzpgpq,0.661366514,8-8btzuYZCqEVOPwk0YYfA,,food,1,1,0,1,1,,-8Ps33v2xS4CI26TfzpGpQ,1,0,-8ps33v2xs4ci26tfzpgpq,0,0,0,-8ps33v2xs4ci26tfzpgpq,0,0,0,0,0,0,0,0,0,0,0,0,0,0
72,mqk1iyhjdhtctrneshmdnw,0.661203621,pdTYUCGkYz35utxPyUMoag,Corn,food,0,1,0,1,1,,MQk1iYhJdhTCtrNEShMDNw,1,0,mqk1iyhjdhtctrneshmdnw,0,0,0,mqk1iyhjdhtctrneshmdnw,0,0,0,0,0,0,0,0,0,0,0,0,0,0
73,kq9dpxofoaswweho7a8iba,0.660436448,64o_nYvzIKwHFOSYSEm-qw,,inside,0,0,1,1,1,,KQ9DpXOFoaswwEho7a8IbA,1,0,kq9dpxofoaswweho7a8iba,0,0,0,0,0,0,0,kq9dpxofoaswweho7a8iba,0,0,0,0,0,0,0,0,0,0
74,jxi-usp9l7zgh-h9omd4hg,0.658471223,1qwkbN3wu3AGDxMTXVz2gA,,outside,0,0,1,1,0,,Jxi-uSP9L7zGH-h9OMD4hg,1,0,jxi-usp9l7zgh-h9omd4hg,0,0,0,0,0,0,0,0,0,0,0,jxi-usp9l7zgh-h9omd4hg,0,0,0,0,0,0
75,26infyoxhb62ycp42xex2q,0.657919489,FhgAHo-8--equM8w5UZ41Q,A little sweet anyone?,food,1,1,0,1,1,,26INfyOxHb62YCP42xeX2Q,1,0,26infyoxhb62ycp42xex2q,0,0,0,26infyoxhb62ycp42xex2q,0,0,0,0,0,0,0,0,0,0,0,0,0,0
76,k2g5_7dcq_zoqoarhk8q5g,0.652659622,dztcNrIVDg6D-6sFOOofDA,The place!,inside,0,0,1,1,1,,k2g5_7dCq_ZOqOarHk8Q5g,1,0,k2g5_7dcq_zoqoarhk8q5g,0,0,0,0,0,0,0,k2g5_7dcq_zoqoarhk8q5g,0,0,0,0,0,0,0,0,0,0
77,mcs4ryfywfwql00w5xvpeq,0.6509256,1qwkbN3wu3AGDxMTXVz2gA,Exterior,outside,0,0,1,1,1,,mCS4rYFYwFWQL00W5xvPEQ,1,0,mcs4ryfywfwql00w5xvpeq,0,0,0,0,0,0,0,0,0,0,0,mcs4ryfywfwql00w5xvpeq,0,0,0,0,0,0
78,5rmurl_hztylvgnilqjjxa,0.650289792,UUGoM4q4i8rK2CBRS0xDAw,"Raspberry tart, chocolate eclair, flan",food,1,1,1,1,1,,5rMURL_HZtYlVgNilqJjXA,1,0,5rmurl_hztylvgnilqjjxa,0,0,0,5rmurl_hztylvgnilqjjxa,0,0,0,0,0,0,0,0,0,0,0,0,0,0
79,5_pg5tdd-xlkd6_xlsu2ng,0.649837895,5q6Xh-UcJa78bp6dzyaE7w,,inside,0,0,1,1,0,,5_pg5TDD-xLKD6_xlsU2Ng,1,0,5_pg5tdd-xlkd6_xlsu2ng,0,0,0,0,0,0,0,5_pg5tdd-xlkd6_xlsu2ng,0,0,0,0,0,0,0,0,0,0
80,ofgx7pdrza8br25d_d71qg,0.649559401,UUGoM4q4i8rK2CBRS0xDAw,,inside,0,0,0,0,0,,ofgx7pDrZA8BR25d_d71Qg,1,ofgx7pdrza8br25d_d71qg,0,0,0,0,0,0,0,ofgx7pdrza8br25d_d71qg,0,0,0,0,0,0,0,0,0,0,0
81,mvdcpm7zb0xwzzq99hi-pg,0.648482205,1qwkbN3wu3AGDxMTXVz2gA,Golf lesson,outside,1,0,0,1,1,,mVDCpm7ZB0XWzZQ99Hi-pg,1,0,mvdcpm7zb0xwzzq99hi-pg,0,0,0,0,0,0,0,0,0,0,0,mvdcpm7zb0xwzzq99hi-pg,0,0,0,0,0,0
82,3t-0ya0zo8hu56bxmfknla,0.648335076,bxRFIGAcYREvDBT3Nw3Vaw,,inside,1,0,0,1,0,,3T-0yA0ZO8Hu56BXMfknLA,1,0,3t-0ya0zo8hu56bxmfknla,0,0,0,0,0,0,0,3t-0ya0zo8hu56bxmfknla,0,0,0,0,0,0,0,0,0,0
83,5daxveh-bakld7knat8sbw,0.643127755,Z1mLBp6BMlHSQUh364vk1g,Delicious swordfish!,food,1,1,1,1,1,,5dAxvEh-bAkLd7kNAT8sBw,1,0,5daxveh-bakld7knat8sbw,0,0,0,5daxveh-bakld7knat8sbw,0,0,0,0,0,0,0,0,0,0,0,0,0,0
84,o05bdzwvlnsea1qvsfcpzg,0.642134634,9eu2lQMROTKdrPyGkwZLYw,SOCO Kitchen + Bar - chocolate pot de creme,food,1,1,0,1,1,,O05BDzWvLNSeA1qVsFcpZg,1,0,o05bdzwvlnsea1qvsfcpzg,0,0,0,o05bdzwvlnsea1qvsfcpzg,0,0,0,0,0,0,0,0,0,0,0,0,0,0
85,4h3hdvkwrnnzzlprgscvbg,0.642092597,n2NRR4N-kmeDvhHJivHGkA,,food,1,1,1,1,1,,4h3HDVkWRnnZzlprGsCvBg,1,0,4h3hdvkwrnnzzlprgscvbg,0,0,0,4h3hdvkwrnnzzlprgscvbg,0,0,0,0,0,0,0,0,0,0,0,0,0,0
86,li-_62y_vio9j6d_lggwdq,0.641808848,7wHLFohwCw8l6WS-feLjeg,"@endoedibles on Instagram Deviled Eggs � Fried Oysters, Pickled Peppers",food,1,1,1,1,1,,LI-_62Y_viO9J6d_lGGwDQ,1,0,li-_62y_vio9j6d_lggwdq,0,0,0,li-_62y_vio9j6d_lggwdq,0,0,0,0,0,0,0,0,0,0,0,0,0,0
87,onqvhukxcajaizgg5hejqq,0.640552995,8-8btzuYZCqEVOPwk0YYfA,,inside,0,0,1,1,0,,OnQvHUKxCajAiZGG5hejqQ,1,0,onqvhukxcajaizgg5hejqq,0,0,0,0,0,0,0,onqvhukxcajaizgg5hejqq,0,0,0,0,0,0,0,0,0,0
88,6wuq6ppzgisqyuok3wxmxa,0.640064316,6lovZEiwWcRYRhyKd94DRg,,outside,0,0,1,1,1,,6wUQ6PpzgISQYuok3WxMxA,1,0,6wuq6ppzgisqyuok3wxmxa,0,0,0,0,0,0,0,0,0,0,0,6wuq6ppzgisqyuok3wxmxa,0,0,0,0,0,0
89,2rulahbqsssl8iildtrp3a,0.639701748,Q4AWWdBWe_ojYX1a4ffXFQ,,inside,0,1,1,1,1,,2RulahbqSsSl8IILdtrp3A,1,0,2rulahbqsssl8iildtrp3a,0,0,0,0,0,0,0,2rulahbqsssl8iildtrp3a,0,0,0,0,0,0,0,0,0,0
90,lcukdrvoxootmo80couoaq,0.639491564,1ylgrtS3iSNaf3V68kw4bw,,inside,0,0,1,1,1,,lCUkdRVoXooTmO80cOUOAQ,1,0,lcukdrvoxootmo80couoaq,0,0,0,0,0,0,0,lcukdrvoxootmo80couoaq,0,0,0,0,0,0,0,0,0,0
91,mzde1pc1xss6lvm0_1-spg,0.639318162,Z1mLBp6BMlHSQUh364vk1g,"Salmon Caesars salad, delicious !",food,0,1,1,1,1,,mZDE1Pc1XSs6lvm0_1-sPg,1,0,mzde1pc1xss6lvm0_1-spg,0,0,0,mzde1pc1xss6lvm0_1-spg,0,0,0,0,0,0,0,0,0,0,0,0,0,0
92,9mag9hbjfu75qj4vw5ptzw,0.636685601,8-8btzuYZCqEVOPwk0YYfA,Gorgeous interior.,outside,0,0,0,0,0,,9MAg9hBJFU75Qj4vW5PTZw,1,9mag9hbjfu75qj4vw5ptzw,0,0,0,0,0,0,0,0,0,0,0,9mag9hbjfu75qj4vw5ptzw,0,0,0,0,0,0,0
93,mqwwakuwisxlrzictom0gw,0.636207431,bs07-hLuz0dq06gIUwR5mw,Our Happy Hour Mussels,food,1,1,1,1,1,,mqWWAKuwISXlRzictom0Gw,1,0,mqwwakuwisxlrzictom0gw,0,0,0,mqwwakuwisxlrzictom0gw,0,0,0,0,0,0,0,0,0,0,0,0,0,0
94,7ksbz00lvw-4e8hgcimdbw,0.636165394,Gaq3S9lmjXVcuDCZ8ulppw,,food,0,0,0,0,1,,7kSbz00Lvw-4e8hGcimdBw,1,7ksbz00lvw-4e8hgcimdbw,0,0,0,7ksbz00lvw-4e8hgcimdbw,0,0,0,0,0,0,0,0,0,0,0,0,0,0,0
95,liavw_qr9yle_3h135ja0a,0.636065557,pB9ZZGJaApSw2PMcOTc8og,The cheetah!!,food,1,0,1,1,1,,LIAvw_QR9yle_3H135Ja0A,1,0,liavw_qr9yle_3h135ja0a,0,0,0,liavw_qr9yle_3h135ja0a,0,0,0,0,0,0,0,0,0,0,0,0,0,0
96,14vk0bdb8de5panndst0qa,0.63554535,bxRFIGAcYREvDBT3Nw3Vaw,So many TVs,outside,0,0,0,0,0,,14Vk0Bdb8DE5PANNdSt0QA,1,14vk0bdb8de5panndst0qa,0,0,0,0,0,0,0,0,0,0,0,14vk0bdb8de5panndst0qa,0,0,0,0,0,0,0
97,lwb40hdacgv9oehn9h2req,0.634494427,gogO5RF4Rqz2THF1ATcCew,,food,1,1,1,1,1,,LWb40HDACgv9oeHN9H2rEQ,1,0,lwb40hdacgv9oehn9h2req,0,0,0,lwb40hdacgv9oehn9h2req,0,0,0,0,0,0,0,0,0,0,0,0,0,0
98,ms6bmxs9qtsucvowpfu4kg,0.629071668,8-8btzuYZCqEVOPwk0YYfA,,food,1,1,1,1,1,,mS6BmXS9QTSucVoWPFU4kg,1,0,ms6bmxs9qtsucvowpfu4kg,0,0,0,ms6bmxs9qtsucvowpfu4kg,0,0,0,0,0,0,0,0,0,0,0,0,0,0
99,kvv-rllvpaqtmwesi5umog,0.626549454,fB4cb6uvz-QngtYP0fbfAw,"My tried-and-true favorite salmon (ordered medium-rare), open-faced sushi, and sashimi (Mother's Day Dinner 5/13/2012)",food,0,1,0,0,1,,kvV-rLlvpaQTMwEsI5UMog,1,kvv-rllvpaqtmwesi5umog,0,0,0,kvv-rllvpaqtmwesi5umog,0,0,0,0,0,0,0,0,0,0,0,0,0,0,0
100,16yvs6orig5nvcjqlvkjqw,0.626092303,UUGoM4q4i8rK2CBRS0xDAw,,food,1,1,0,1,1,,16Yvs6OrIg5NvcJQlVKJqw,1,0,16yvs6orig5nvcjqlvkjqw,0,0,0,16yvs6orig5nvcjqlvkjqw,0,0,0,0,0,0,0,0,0,0,0,0,0,0
101,211mn-h7b-yzzhodrghojg,0.625745498,,,,,,0,0,1,,211Mn-h7B-yZZHodrgHojg,1,211mn-h7b-yzzhodrghojg,0,0,0,0,0,0,0,0,0,0,0,0,0,0,0,0,0,0,0
102,#NAME?,0.623885365,0uR48n5SYcLE_DLcjONZPg,,inside,0,0,0,0,0,,#NAME?,1,#NAME?,0,0,0,0,0,0,0,#NAME?,0,0,0,0,0,0,0,0,0,0,0
103,9z0euclgxzuhil6rak5qbw,0.623438723,wPiRP76arN0NB3M1ZXXp7g,,outside,0,0,0,0,0,,9Z0eUcLGxZUHIl6rak5Qbw,1,9z0euclgxzuhil6rak5qbw,0,0,0,0,0,0,0,0,0,0,0,9z0euclgxzuhil6rak5qbw,0,0,0,0,0,0,0
104,5ydqwhbobfbgjfkjinsxzw,0.62273986,ghVhlFpNhfBwWDFGSlt2JA,Salmon,food,1,1,1,1,1,,5ydQWhbObFBgJFKjInSxzw,1,0,5ydqwhbobfbgjfkjinsxzw,0,0,0,5ydqwhbobfbgjfkjinsxzw,0,0,0,0,0,0,0,0,0,0,0,0,0,0
105,mhrijvr12xdqivgu9kifsa,0.618935521,UUGoM4q4i8rK2CBRS0xDAw,,inside,0,1,1,1,1,,MhrIjvR12XDqIvgu9kIFSA,1,0,mhrijvr12xdqivgu9kifsa,0,0,0,0,0,0,0,mhrijvr12xdqivgu9kifsa,0,0,0,0,0,0,0,0,0,0
106,4zrm3bzune1miveru6kzeq,0.618415314,5q6Xh-UcJa78bp6dzyaE7w,,food,1,1,1,1,1,,4Zrm3BZUnE1mIVeru6KzeQ,1,0,4zrm3bzune1miveru6kzeq,0,0,0,4zrm3bzune1miveru6kzeq,0,0,0,0,0,0,0,0,0,0,0,0,0,0
107,2nmqvx3ngrxg52blx_haca,0.617847816,JhRxDdmZSGDG_u7cGxaYrw,The Original BBQ Chicken Pizza,food,1,1,1,1,1,,2NmQVx3NgRxG52Blx_haCA,1,0,2nmqvx3ngrxg52blx_haca,0,0,0,2nmqvx3ngrxg52blx_haca,0,0,0,0,0,0,0,0,0,0,0,0,0,0
108,nsthe_ghycwpid5iewirqq,0.61752203,YSYDJTCt5kzY2kKnLNGRiA,Perfect place to have a 50th month anniversary,food,0,0,1,1,1,,NSthE_GhyCwpid5iEWIRqQ,1,0,nsthe_ghycwpid5iewirqq,0,0,0,nsthe_ghycwpid5iewirqq,0,0,0,0,0,0,0,0,0,0,0,0,0,0
109,5opohyhnvibp91_qhuofvq,0.616444834,UUGoM4q4i8rK2CBRS0xDAw,,inside,0,1,1,0,1,,5OPOhyHNVIBp91_qHuofvQ,1,5opohyhnvibp91_qhuofvq,0,0,0,0,0,0,0,5opohyhnvibp91_qhuofvq,0,0,0,0,0,0,0,0,0,0,0
110,3rmfcctmrruuurxhz4swrq,0.615745971,FhgAHo-8--equM8w5UZ41Q,,inside,0,0,0,1,0,,3RMFCcTmrruUUrxHZ4swrQ,1,0,3rmfcctmrruuurxhz4swrq,0,0,0,0,0,0,0,3rmfcctmrruuurxhz4swrq,0,0,0,0,0,0,0,0,0,0
111,jt5najajk-czcw8rfhm2xa,0.614800141,ghVhlFpNhfBwWDFGSlt2JA,Scallop,food,0,1,1,1,1,,jT5nAjajK-CzCW8RfhM2XA,1,0,jt5najajk-czcw8rfhm2xa,0,0,0,jt5najajk-czcw8rfhm2xa,0,0,0,0,0,0,0,0,0,0,0,0,0,0
112,3g5idosy4aieewiutrcyfa,0.614563683,BbOx9i_kDJBnE9K2hyqBTg,,outside,0,0,0,0,1,,3G5IDosY4aiEEwiuTrCYfA,1,3g5idosy4aieewiutrcyfa,0,0,0,0,0,0,0,0,0,0,0,3g5idosy4aieewiutrcyfa,0,0,0,0,0,0,0
113,lddr91ks8v_vp52yn7atda,0.614458591,kABF0hYfAEnl166mn1zR1A,,food,1,1,1,1,1,,ldDR91kS8V_vp52yN7ATDA,1,0,lddr91ks8v_vp52yn7atda,0,0,0,lddr91ks8v_vp52yn7atda,0,0,0,0,0,0,0,0,0,0,0,0,0,0
114,4xdhfrcg6tfq93cy1u7akw,0.61393313,pdE-moDQznZL4sUX-jGKdA,Barnyard burger,food,1,1,1,1,1,,4XDhfrCg6tfq93cy1u7AKw,1,0,4xdhfrcg6tfq93cy1u7akw,0,0,0,4xdhfrcg6tfq93cy1u7akw,0,0,0,0,0,0,0,0,0,0,0,0,0,0
115,5i_jz5o4suuvlkkuxptkdw,0.608153056,ghVhlFpNhfBwWDFGSlt2JA,,food,1,1,1,1,1,,5i_jz5O4sUuvlKkuxPTKdw,1,0,5i_jz5o4suuvlkkuxptkdw,0,0,0,5i_jz5o4suuvlkkuxptkdw,0,0,0,0,0,0,0,0,0,0,0,0,0,0
116,_bkqltzz09akm8w9kwvewa,0.607816761,owRpTuIch1DGwbt4Wwl1NQ,Choc w/oreo crumbles.,food,1,1,1,1,1,,_BKqltZZ09AKm8W9KWvEwA,1,0,_bkqltzz09akm8w9kwvewa,0,0,0,_bkqltzz09akm8w9kwvewa,0,0,0,0,0,0,0,0,0,0,0,0,0,0
117,_knt5qzwn8ch_xkgp5dvyg,0.60648209,Q4AWWdBWe_ojYX1a4ffXFQ,El Dorado Express at the Boulevard Food Court.,food,1,0,1,1,1,,_Knt5qzWn8Ch_xkgp5DVYg,1,0,_knt5qzwn8ch_xkgp5dvyg,0,0,0,_knt5qzwn8ch_xkgp5dvyg,0,0,0,0,0,0,0,0,0,0,0,0,0,0
118,onj9h1oubceqfob4vxftfw,0.605998665,6lovZEiwWcRYRhyKd94DRg,Outside Smashburger in Stonecrest,outside,0,0,0,1,1,,ONJ9h1oUbCEqFob4VxFTfw,1,0,onj9h1oubceqfob4vxftfw,0,0,0,0,0,0,0,0,0,0,0,onj9h1oubceqfob4vxftfw,0,0,0,0,0,0
119,5zh-ke-9dxr4qgubh-hiyg,0.605494223,pdTYUCGkYz35utxPyUMoag,The bar,inside,0,0,0,1,1,,5zh-KE-9dXr4QgUbh-HiYg,1,0,5zh-ke-9dxr4qgubh-hiyg,0,0,0,0,0,0,0,5zh-ke-9dxr4qgubh-hiyg,0,0,0,0,0,0,0,0,0,0
120,lk1hbjs0p4_6woltss3sbq,0.604338208,wPiRP76arN0NB3M1ZXXp7g,,outside,0,0,0,0,0,,LK1HbJS0P4_6WolTSS3sbQ,1,lk1hbjs0p4_6woltss3sbq,0,0,0,0,0,0,0,0,0,0,0,lk1hbjs0p4_6woltss3sbq,0,0,0,0,0,0,0
121,o00dispppg4n-fxohrzakq,0.604217352,8-8btzuYZCqEVOPwk0YYfA,,food,0,1,0,1,1,,o00dISpPpG4n-FxohRZaKQ,1,0,o00dispppg4n-fxohrzakq,0,0,0,o00dispppg4n-fxohrzakq,0,0,0,0,0,0,0,0,0,0,0,0,0,0
122,7yk5xlu2zfpgkiekzv-tfw,0.604059713,dztcNrIVDg6D-6sFOOofDA,Tea!,drink,0,0,1,1,0,,7Yk5xLU2ZFPgKiEkzV-TFw,1,0,7yk5xlu2zfpgkiekzv-tfw,0,0,0,0,0,0,0,0,0,0,0,0,0,0,0,7yk5xlu2zfpgkiekzv-tfw,0,0
123,o74urearq-zqumzxawvoag,0.603823256,drNjH8Z63cgp8FWXh2hahA,Octopus wasabi tacos,food,0,0,0,1,1,,o74urearQ-ZQumzxAWvOAg,1,0,o74urearq-zqumzxawvoag,0,0,0,o74urearq-zqumzxawvoag,0,0,0,0,0,0,0,0,0,0,0,0,0,0
124,0xal-vyocumfmdefd1amfa,0.603439669,hLDEtvhH3Z5H1J5-3UM5kg,,food,1,1,1,1,1,,0xAl-vyoCuMfMdEfD1AMfA,1,0,0xal-vyocumfmdefd1amfa,0,0,0,0xal-vyocumfmdefd1amfa,0,0,0,0,0,0,0,0,0,0,0,0,0,0
125,jmmy4i6nl7dqgrhqz8z7_q,0.60260944,ghVhlFpNhfBwWDFGSlt2JA,,inside,0,0,0,0,1,,JmMy4I6nL7dQgrHQz8Z7_Q,1,jmmy4i6nl7dqgrhqz8z7_q,0,0,0,0,0,0,0,jmmy4i6nl7dqgrhqz8z7_q,0,0,0,0,0,0,0,0,0,0,0
126,66a4hyklvne2bccsm03igw,0.601978887,UUGoM4q4i8rK2CBRS0xDAw,,food,1,1,1,1,1,,66a4hYKLvNe2bcCsM03Igw,1,0,66a4hyklvne2bccsm03igw,0,0,0,66a4hyklvne2bccsm03igw,0,0,0,0,0,0,0,0,0,0,0,0,0,0
127,5vz8nvrzxj8mxt1w87sl2q,0.601421898,UUGoM4q4i8rK2CBRS0xDAw,Mango crepe with coconut ice cream!,food,1,1,1,1,1,,5vZ8NvRZxj8mXt1W87SL2Q,1,0,5vz8nvrzxj8mxt1w87sl2q,0,0,0,5vz8nvrzxj8mxt1w87sl2q,0,0,0,0,0,0,0,0,0,0,0,0,0,0
128,ntjtndxwoewjfj4zvvycjw,0.601085603,UUGoM4q4i8rK2CBRS0xDAw,Chicken Buckwheat Cr�pe ($11.95),food,0,0,1,1,1,,NtJTNDXwOeWjFj4zVVYCjw,1,0,ntjtndxwoewjfj4zvvycjw,0,0,0,ntjtndxwoewjfj4zvvycjw,0,0,0,0,0,0,0,0,0,0,0,0,0,0
129,m1ecgsx5wtyf988eaxcmba,0.599945352,n2NRR4N-kmeDvhHJivHGkA,Some of the dishes from the Shogun group menu.,food,0,1,1,1,1,,m1EcGSx5wTyf988eaXCmBA,1,0,m1ecgsx5wtyf988eaxcmba,0,0,0,m1ecgsx5wtyf988eaxcmba,0,0,0,0,0,0,0,0,0,0,0,0,0,0
130,6jspy5ands36cbiv5hxczg,0.599924334,gQnCTgwNFHfB40c8NoGAlw,,food,1,1,1,1,1,,6jspy5ANds36cbiv5HXCZg,1,0,6jspy5ands36cbiv5hxczg,0,0,0,6jspy5ands36cbiv5hxczg,0,0,0,0,0,0,0,0,0,0,0,0,0,0
131,nlpwar-uoq4r7v3on0g69a,0.599603802,R1jJQi2yR44D_2ileqr8kA,View straight ahead upon entering,inside,0,0,0,0,1,,NLPwAr-UOQ4r7V3on0g69A,1,nlpwar-uoq4r7v3on0g69a,0,0,0,0,0,0,0,nlpwar-uoq4r7v3on0g69a,0,0,0,0,0,0,0,0,0,0,0
132,mwkfa_rtrxkhvpgedfn44w,0.599025795,4RggTW3skfGuUt0MOY_zHw,Mango salad,food,1,1,1,1,1,,MWKFA_rtRXkhVpGEDfN44w,1,0,mwkfa_rtrxkhvpgedfn44w,0,0,0,mwkfa_rtrxkhvpgedfn44w,0,0,0,0,0,0,0,0,0,0,0,0,0,0
133,nxsp042zd_posffcpozxaw,0.598116747,kABF0hYfAEnl166mn1zR1A,Pan with noodle dough,food,0,0,0,0,0,,nXSP042ZD_poSffcPoZxAw,1,nxsp042zd_posffcpozxaw,0,0,0,nxsp042zd_posffcpozxaw,0,0,0,0,0,0,0,0,0,0,0,0,0,0,0
134,4bnn7lxnoonsdit_fd-x2a,0.598037928,7wHLFohwCw8l6WS-feLjeg,Togarashi Waffle Fries with Miso Hollandaise,food,1,1,1,1,1,,4BnN7lXnOoNsDit_fD-x2A,1,0,4bnn7lxnoonsdit_fd-x2a,0,0,0,4bnn7lxnoonsdit_fd-x2a,0,0,0,0,0,0,0,0,0,0,0,0,0,0
135,n9vitlqwqgs1znc1nzmiig,0.596892422,1qwkbN3wu3AGDxMTXVz2gA,,outside,0,0,0,0,1,,n9viTLQwqGS1ZNC1nZmIIg,1,n9vitlqwqgs1znc1nzmiig,0,0,0,0,0,0,0,0,0,0,0,n9vitlqwqgs1znc1nzmiig,0,0,0,0,0,0,0
136,0g40bb59hln1r8uymztplw,0.5965824,64o_nYvzIKwHFOSYSEm-qw,,food,1,1,1,1,1,,0G40bb59hlN1R8UymztpLw,1,0,0g40bb59hln1r8uymztplw,0,0,0,0g40bb59hln1r8uymztplw,0,0,0,0,0,0,0,0,0,0,0,0,0,0
137,0dqoft7qudqkc7o1zhcuca,0.596398489,1qwkbN3wu3AGDxMTXVz2gA,,inside,0,0,0,0,1,,0DQOFT7quDqKc7O1ZHCUCA,1,0dqoft7qudqkc7o1zhcuca,0,0,0,0,0,0,0,0dqoft7qudqkc7o1zhcuca,0,0,0,0,0,0,0,0,0,0,0
138,msnidtewehqfcprm26gzpq,0.596204068,lGZD8uQwKueMXKGD-ltE1Q,,inside,0,0,1,1,0,,msnIdTeWEhqfcpRm26gzpQ,1,0,msnidtewehqfcprm26gzpq,0,0,0,0,0,0,0,msnidtewehqfcprm26gzpq,0,0,0,0,0,0,0,0,0,0
139,_ayb6accsimfjgf1_jto3w,0.596130504,7wHLFohwCw8l6WS-feLjeg,05/14/18 Other Mama: Japanese Fried Chicken with Buttermilk Dressing,food,1,1,1,1,1,,_Ayb6aCcsIMfJgf1_jtO3w,1,0,_ayb6accsimfjgf1_jto3w,0,0,0,_ayb6accsimfjgf1_jto3w,0,0,0,0,0,0,0,0,0,0,0,0,0,0
140,1l61r9zoj3t8rv6ceisvya,0.591117603,TulmRC5V0--dnXYd_GOSvA,,food,0,0,0,0,1,,1L61R9ZOj3t8RV6cEiSVYA,1,1l61r9zoj3t8rv6ceisvya,0,0,0,1l61r9zoj3t8rv6ceisvya,0,0,0,0,0,0,0,0,0,0,0,0,0,0,0
141,mpznrv6_hcfasyv1uisj_q,0.589788187,w_Cw1-80276SAhHw2LJqFQ,Try our Amazing Buffalo Chicken Salads,food,1,1,1,1,1,,mpznrv6_HcfaSYv1UISJ_Q,1,0,mpznrv6_hcfasyv1uisj_q,0,0,0,mpznrv6_hcfasyv1uisj_q,0,0,0,0,0,0,0,0,0,0,0,0,0,0
142,mf8yoosm3buthcisxqqa2q,0.589099832,n2NRR4N-kmeDvhHJivHGkA,,food,0,1,1,1,1,,Mf8Yoosm3buTHCiSxQqA2Q,1,0,mf8yoosm3buthcisxqqa2q,0,0,0,mf8yoosm3buthcisxqqa2q,0,0,0,0,0,0,0,0,0,0,0,0,0,0
143,1garskhr776z4c1fdvqzzw,0.588963212,R1jJQi2yR44D_2ileqr8kA,,outside,0,1,1,1,1,,1garSKHR776z4c1FDVqzZw,1,0,1garskhr776z4c1fdvqzzw,0,0,0,0,0,0,0,0,0,0,0,1garskhr776z4c1fdvqzzw,0,0,0,0,0,0
144,jxzoshydq2fidwfuk9lb4g,0.588038401,UUGoM4q4i8rK2CBRS0xDAw,Easter themed,food,0,0,1,1,1,,jXzoSHyDQ2FiDwfuk9lB4g,1,0,jxzoshydq2fidwfuk9lb4g,0,0,0,jxzoshydq2fidwfuk9lb4g,0,0,0,0,0,0,0,0,0,0,0,0,0,0
145,mpeegyf_6w4ufbtnrq4eua,0.587518194,UUGoM4q4i8rK2CBRS0xDAw,,drink,1,1,1,1,1,,MPeEGYF_6W4ufbTnrq4euA,1,0,mpeegyf_6w4ufbtnrq4eua,0,0,0,0,0,0,0,0,0,0,0,0,0,0,0,mpeegyf_6w4ufbtnrq4eua,0,0
146,3tlwv4gn-685hcjlngbphq,0.587397338,fSBhe0A6Dfa8JCYccfpMog,Cheese bagel with scallion cream cheese.,food,1,1,1,1,1,,3tlWv4Gn-685hCJlNgBPHQ,1,0,3tlwv4gn-685hcjlngbphq,0,0,0,3tlwv4gn-685hcjlngbphq,0,0,0,0,0,0,0,0,0,0,0,0,0,0
147,3d0vmubd6b_bmzbmmxqipq,0.586913914,1qwkbN3wu3AGDxMTXVz2gA,,outside,0,0,0,0,1,,3d0VmUbd6b_BmZbmMxqIPQ,1,3d0vmubd6b_bmzbmmxqipq,0,0,0,0,0,0,0,0,0,0,0,3d0vmubd6b_bmzbmmxqipq,0,0,0,0,0,0,0
148,np252-pkn49bvvm449cq7q,0.585085309,ghVhlFpNhfBwWDFGSlt2JA,Fried banana with cherry ice cream,food,1,1,1,1,1,,NP252-PKN49BVVM449CQ7Q,1,0,np252-pkn49bvvm449cq7q,0,0,0,np252-pkn49bvvm449cq7q,0,0,0,0,0,0,0,0,0,0,0,0,0,0
149,ol5tg5msuymaifwzqjycuq,0.583325014,1ylgrtS3iSNaf3V68kw4bw,,menu,0,0,0,0,0,,oL5TG5MsuYMaIfwzqJyCUQ,1,ol5tg5msuymaifwzqjycuq,0,0,0,0,0,0,0,0,0,0,0,0,0,0,0,0,0,0,0
150,jldokwsbsoyybcfgfp6xlw,0.582578859,FhgAHo-8--equM8w5UZ41Q,,outside,0,0,1,1,1,,JlDokWSBsoYYbCfgfP6xlw,1,0,jldokwsbsoyybcfgfp6xlw,0,0,0,0,0,0,0,0,0,0,0,jldokwsbsoyybcfgfp6xlw,0,0,0,0,0,0
151,_xzxfazdur4x6czczipffa,0.581428099,ghVhlFpNhfBwWDFGSlt2JA,,inside,0,0,0,0,0,,_XZXfaZdUR4X6CzCziPfFA,1,_xzxfazdur4x6czczipffa,0,0,0,0,0,0,0,_xzxfazdur4x6czczipffa,0,0,0,0,0,0,0,0,0,0,0
152,okbrjwnopvm9f7h9owuvbw,0.581186386,VSX3ixrqQFwwGBUf15s0EQ,Waldorf chicken salad,food,0,1,1,1,1,,okBrjWNOPvm9f7H9owuVBw,1,0,okbrjwnopvm9f7h9owuvbw,0,0,0,okbrjwnopvm9f7h9owuvbw,0,0,0,0,0,0,0,0,0,0,0,0,0,0
153,nbowmv9jpl91ixrdbt7nea,0.581086549,7wHLFohwCw8l6WS-feLjeg,Blue Point Oysters ($1/each!),food,1,1,1,1,1,,NboWMv9jPl91IxRdBT7NeA,1,0,nbowmv9jpl91ixrdbt7nea,0,0,0,nbowmv9jpl91ixrdbt7nea,0,0,0,0,0,0,0,0,0,0,0,0,0,0
154,lnfo687qpmvxe5p3yokr-w,0.580082918,gogO5RF4Rqz2THF1ATcCew,,inside,0,1,1,1,1,,Lnfo687qPmVXE5p3YoKr-w,1,0,lnfo687qpmvxe5p3yokr-w,0,0,0,0,0,0,0,lnfo687qpmvxe5p3yokr-w,0,0,0,0,0,0,0,0,0,0
155,0nv5j1qvnhyrgjzir9inbw,0.579431346,vyQD-pu9jFKRXWI9tt16_Q,,drink,0,1,0,1,1,,0nv5J1QVNhYRgjZiR9iNBw,1,0,0nv5j1qvnhyrgjzir9inbw,0,0,0,0,0,0,0,0,0,0,0,0,0,0,0,0nv5j1qvnhyrgjzir9inbw,0,0
156,k1zurf5qnwo4jqpgzqdiea,0.577455612,d8lmIZIqmBC9oPM8y1dc7Q,,food,1,1,0,1,1,,k1zurf5QnwO4JqPgZqdIeA,1,0,k1zurf5qnwo4jqpgzqdiea,0,0,0,k1zurf5qnwo4jqpgzqdiea,0,0,0,0,0,0,0,0,0,0,0,0,0,0
157,9xhm_e5cbyy-uypykrsfia,0.577445102,hLDEtvhH3Z5H1J5-3UM5kg,"Bison Tartare - Wild Ginger & Garlic Aioli, Piment D'Espelette, Pickled Fennel, Grilled Bread with Crema di Lardo",food,1,1,1,1,1,,9XHM_E5cBYY-UypYKrSfiA,1,0,9xhm_e5cbyy-uypykrsfia,0,0,0,9xhm_e5cbyy-uypykrsfia,0,0,0,0,0,0,0,0,0,0,0,0,0,0
158,59urqezfo3casnumtruq-a,0.57700897,wPiRP76arN0NB3M1ZXXp7g,,outside,0,0,0,0,0,,59URqEZFO3CasnUMTRUq-A,1,59urqezfo3casnumtruq-a,0,0,0,0,0,0,0,0,0,0,0,59urqezfo3casnumtruq-a,0,0,0,0,0,0,0
159,ni9u5uxtlwlzuafgrczwba,0.576856586,TKp9PDs8jFbshfg6xOcM6A,Inside bar area,inside,0,0,0,0,1,,nI9u5UXtlwlZUAFGrcZwbA,1,ni9u5uxtlwlzuafgrczwba,0,0,0,0,0,0,0,ni9u5uxtlwlzuafgrczwba,0,0,0,0,0,0,0,0,0,0,0
160,k7xo6kenk2bz_2owxgsmtq,0.576073649,UUGoM4q4i8rK2CBRS0xDAw,Mango & Pistachio Gelato,drink,1,1,1,1,1,,K7xO6keNK2BZ_2oWxgSmTQ,1,0,k7xo6kenk2bz_2owxgsmtq,0,0,0,0,0,0,0,0,0,0,0,0,0,0,0,k7xo6kenk2bz_2owxgsmtq,0,0
161,51clhksguuot_igcd85okq,0.575973811,Gaq3S9lmjXVcuDCZ8ulppw,Sake was very fresh today! Beautiful cuts of salmon :),food,1,1,1,1,1,,51CLHksGuuOT_igcd85oKQ,1,0,51clhksguuot_igcd85okq,0,0,0,51clhksguuot_igcd85okq,0,0,0,0,0,0,0,0,0,0,0,0,0,0
162,n390zvcsryw3mwyinwdata,0.575795154,8cQc0BRbkSDSkLn6oFw3mw,,inside,0,0,0,1,1,,n390zVcsrYw3MwYinWdaTA,1,0,n390zvcsryw3mwyinwdata,0,0,0,0,0,0,0,n390zvcsryw3mwyinwdata,0,0,0,0,0,0,0,0,0,0
163,2zmh2-hll-jc0tmzgvaada,0.575506151,7wHLFohwCw8l6WS-feLjeg,Oyster Foie Rockefeller,food,1,1,1,1,1,,2zMH2-HLL-jC0tmzGvaAdA,1,0,2zmh2-hll-jc0tmzgvaada,0,0,0,2zmh2-hll-jc0tmzgvaada,0,0,0,0,0,0,0,0,0,0,0,0,0,0
164,2yguko256cgrb80ax0-9hg,0.574313354,9eu2lQMROTKdrPyGkwZLYw,SOCO Kitchen + Bar - brandade,food,1,1,0,0,0,,2YguKo256cgRB80AX0-9hg,1,2yguko256cgrb80ax0-9hg,0,0,0,2yguko256cgrb80ax0-9hg,0,0,0,0,0,0,0,0,0,0,0,0,0,0,0
165,6uaysw6jlgqab7gftp1muw,0.574071641,drNjH8Z63cgp8FWXh2hahA,,food,1,1,1,1,1,,6uAysW6JlgQAb7GFtP1MUw,1,0,6uaysw6jlgqab7gftp1muw,0,0,0,6uaysw6jlgqab7gftp1muw,0,0,0,0,0,0,0,0,0,0,0,0,0,0
166,mtjmuhffdkiyk4ipal2jsa,0.57347787,gHutuGMMMH-5Qv9DbemLFw,,inside,0,0,1,1,1,,mTjMuhFfdKIyk4IPaL2JsA,1,0,mtjmuhffdkiyk4ipal2jsa,0,0,0,0,0,0,0,mtjmuhffdkiyk4ipal2jsa,0,0,0,0,0,0,0,0,0,0
167,1qwmklcwpsj7dbdnc8nv7q,0.572642387,7wHLFohwCw8l6WS-feLjeg,"05/14/18 Other Mama: Mix Ceviche with Octopus, Shrimp, Whitefish, Habanero, Housemade Sweet Potato Chips",food,1,1,1,1,1,,1QWmKlcWpsj7DBdNC8nV7Q,1,0,1qwmklcwpsj7dbdnc8nv7q,0,0,0,1qwmklcwpsj7dbdnc8nv7q,0,0,0,0,0,0,0,0,0,0,0,0,0,0
168,3d4g1j7hklgy24lmrc8wwa,0.572453221,kABF0hYfAEnl166mn1zR1A,,food,1,1,1,1,1,,3D4g1j7hKLGY24LMRC8WwA,1,0,3d4g1j7hklgy24lmrc8wwa,0,0,0,3d4g1j7hklgy24lmrc8wwa,0,0,0,0,0,0,0,0,0,0,0,0,0,0
169,0i4vessbz9wrro9m_lo5nw,0.572101162,wPiRP76arN0NB3M1ZXXp7g,,food,1,1,1,1,1,,0I4VeSsBZ9Wrro9M_lO5nw,1,0,0i4vessbz9wrro9m_lo5nw,0,0,0,0i4vessbz9wrro9m_lo5nw,0,0,0,0,0,0,0,0,0,0,0,0,0,0
170,lt3oe20lpikrcjnqvrv2ag,0.571733339,7cMnc_zSPenfSQa9_199CA,,food,0,0,1,0,0,,lt3Oe20lpIkrcjNQVRV2ag,1,lt3oe20lpikrcjnqvrv2ag,0,0,0,lt3oe20lpikrcjnqvrv2ag,0,0,0,0,0,0,0,0,0,0,0,0,0,0,0
171,7c38m8bb7b-t2eo3cnuejw,0.570950402,ghVhlFpNhfBwWDFGSlt2JA,,food,1,1,1,1,1,,7C38m8bB7B-t2Eo3cnUejw,1,0,7c38m8bb7b-t2eo3cnuejw,0,0,0,7c38m8bb7b-t2eo3cnuejw,0,0,0,0,0,0,0,0,0,0,0,0,0,0
172,lrqh_skesoymslgi4n2q5q,0.570682416,4RggTW3skfGuUt0MOY_zHw,"Hot & Sour Pad Thai Chicken, $6.95
 It was neither hot, nor sour.  It's ok.",food,0,1,1,1,1,,lrqH_skEsoYMsLgi4N2Q5Q,1,0,lrqh_skesoymslgi4n2q5q,0,0,0,lrqh_skesoymslgi4n2q5q,0,0,0,0,0,0,0,0,0,0,0,0,0,0
173,3uhp0bf3fnot8eh_wplq5g,0.569657767,mB_cI1tCrNxxvr2e2myNrQ,,outside,0,0,1,1,0,,3uhp0bF3fNoT8Eh_wplQ5g,1,0,3uhp0bf3fnot8eh_wplq5g,0,0,0,0,0,0,0,0,0,0,0,3uhp0bf3fnot8eh_wplq5g,0,0,0,0,0,0
174,miwlw-cwt-rnpu1gy3tsoa,0.569526402,hLDEtvhH3Z5H1J5-3UM5kg,Whelk $14/ Leclads $18,food,0,1,1,1,1,,miWLW-CWt-rNPu1Gy3tsoA,1,0,miwlw-cwt-rnpu1gy3tsoa,0,0,0,miwlw-cwt-rnpu1gy3tsoa,0,0,0,0,0,0,0,0,0,0,0,0,0,0
175,7pf0iiyglkapormumltp1g,0.569000941,8cQc0BRbkSDSkLn6oFw3mw,Specials on the wall,inside,0,1,1,1,0,,7pf0iIYgLKAPormuMltP1g,1,0,7pf0iiyglkapormumltp1g,0,0,0,0,0,0,0,7pf0iiyglkapormumltp1g,0,0,0,0,0,0,0,0,0,0
176,kswi0ci3hm7zshkytfcdkg,0.568916867,Gaq3S9lmjXVcuDCZ8ulppw,"Ahi Poke. Tuna was fresh, and the seaweed salad was good too!",food,1,1,1,1,1,,Kswi0ci3HM7ZSHkYTFCDKg,1,0,kswi0ci3hm7zshkytfcdkg,0,0,0,kswi0ci3hm7zshkytfcdkg,0,0,0,0,0,0,0,0,0,0,0,0,0,0
177,kvv2yfbxajorysqkqmfokq,0.568785501,7wHLFohwCw8l6WS-feLjeg,Small fried oyster on top makes this Deviled Egg bite delicious!,food,1,1,1,1,1,,kvv2yFBxAJOrYsqKQMfokQ,1,0,kvv2yfbxajorysqkqmfokq,0,0,0,kvv2yfbxajorysqkqmfokq,0,0,0,0,0,0,0,0,0,0,0,0,0,0
178,mvaffecpbfg-wkeu8odwmq,0.568160203,tX1fI1TgkvPQNYvwABea0w,Entire shop wide-angle,inside,0,0,0,1,1,,mVAfFeCPbFG-wkEU8odwMQ,1,0,mvaffecpbfg-wkeu8odwmq,0,0,0,0,0,0,0,mvaffecpbfg-wkeu8odwmq,0,0,0,0,0,0,0,0,0,0
179,mzqzty5vg9bp0hp22n_7ug,0.567550668,owRpTuIch1DGwbt4Wwl1NQ,Menu Board,inside,0,0,0,0,0,,mZQzty5VG9Bp0hp22n_7Ug,1,mzqzty5vg9bp0hp22n_7ug,0,0,0,0,0,0,0,mzqzty5vg9bp0hp22n_7ug,0,0,0,0,0,0,0,0,0,0,0
180,5h6dqmet02pvs6v8ritsug,0.565653753,bxRFIGAcYREvDBT3Nw3Vaw,,inside,0,0,1,0,1,,5H6DqmeT02pvs6V8riTSUg,1,5h6dqmet02pvs6v8ritsug,0,0,0,0,0,0,0,5h6dqmet02pvs6v8ritsug,0,0,0,0,0,0,0,0,0,0,0
181,#NAME?,0.563977531,IZivKqtHyz4-ts8KsnvMrA,,food,0,0,0,1,0,,#NAME?,1,0,#NAME?,0,0,0,#NAME?,0,0,0,0,0,0,0,0,0,0,0,0,0,0
182,3qotvfuy8re8fg2brwmogw,0.563262904,UUGoM4q4i8rK2CBRS0xDAw,,food,1,1,1,1,1,,3QOtVFuy8rE8fG2bRwmOgw,1,0,3qotvfuy8re8fg2brwmogw,0,0,0,3qotvfuy8re8fg2brwmogw,0,0,0,0,0,0,0,0,0,0,0,0,0,0
183,mqsytj1qhsnrc0tyie5ldq,0.563021192,wPiRP76arN0NB3M1ZXXp7g,Team dinner,inside,0,0,0,0,0,,mqSYtj1QhsnRC0tYiE5lDQ,1,mqsytj1qhsnrc0tyie5ldq,0,0,0,0,0,0,0,mqsytj1qhsnrc0tyie5ldq,0,0,0,0,0,0,0,0,0,0,0
184,lqffxkb6phhsnqr5mbg03q,0.562112144,Z1mLBp6BMlHSQUh364vk1g,,inside,1,1,1,1,1,,lqfFXKB6PhhSnqr5mBg03Q,1,0,lqffxkb6phhsnqr5mbg03q,0,0,0,0,0,0,0,lqffxkb6phhsnqr5mbg03q,0,0,0,0,0,0,0,0,0,0
185,20iviux0-z-okvtpl7umua,0.561103258,fSBhe0A6Dfa8JCYccfpMog,,food,0,0,1,1,0,,20IVIuX0-Z-OkvtPl7umUA,1,0,20iviux0-z-okvtpl7umua,0,0,0,20iviux0-z-okvtpl7umua,0,0,0,0,0,0,0,0,0,0,0,0,0,0
186,_tm-dvt3qronvamfylbxya,0.561092749,kABF0hYfAEnl166mn1zR1A,"Beef pancake, hot & spicy noodle, chicken & mushroom noodles",food,1,1,1,1,1,,_TM-Dvt3qRoNVaMFylBXyA,1,0,_tm-dvt3qronvamfylbxya,0,0,0,_tm-dvt3qronvamfylbxya,0,0,0,0,0,0,0,0,0,0,0,0,0,0
187,_dttsw6apsu5pc8kmpsama,0.560814255,FhgAHo-8--equM8w5UZ41Q,"Bouch�es de Malai Kofta, Bol Dragon avec tempeh et Bol Tha� avec tofu",food,1,1,1,1,1,,_dTtSw6ApSU5Pc8kMPsaMA,1,0,_dttsw6apsu5pc8kmpsama,0,0,0,_dttsw6apsu5pc8kmpsama,0,0,0,0,0,0,0,0,0,0,0,0,0,0
188,5plefhawq-b5cajv7z149a,0.560803745,WK6uBV2eSqb2wwEwXoFfNg,Cooper's red ale,drink,0,0,1,0,1,,5plEFhaWQ-B5cAJV7Z149A,1,5plefhawq-b5cajv7z149a,0,0,0,0,0,0,0,0,0,0,0,0,0,0,0,5plefhawq-b5cajv7z149a,0,0,0
189,1ibhupxoalub7c9hishjiw,0.560173192,UUGoM4q4i8rK2CBRS0xDAw,,inside,0,0,0,0,0,,1ibhUpxOALUb7c9HisHjIw,1,1ibhupxoalub7c9hishjiw,0,0,0,0,0,0,0,1ibhupxoalub7c9hishjiw,0,0,0,0,0,0,0,0,0,0,0
190,k8jw1n3jkhr9t5heby7m9a,0.560073354,lGZD8uQwKueMXKGD-ltE1Q,Golden Chicken Sandwich,food,0,1,1,1,1,,k8jw1N3jkHr9T5hEbY7m9A,1,0,k8jw1n3jkhr9t5heby7m9a,0,0,0,k8jw1n3jkhr9t5heby7m9a,0,0,0,0,0,0,0,0,0,0,0,0,0,0
191,_a1d3bupkz0bzkyuaumh9w,0.559821133,JhRxDdmZSGDG_u7cGxaYrw,,outside,0,0,0,0,1,,_a1d3bupKZ0bzKyUAUmh9w,1,_a1d3bupkz0bzkyuaumh9w,0,0,0,0,0,0,0,0,0,0,0,_a1d3bupkz0bzkyuaumh9w,0,0,0,0,0,0,0
192,4fhqdcabwn0spd9lw5bqbq,0.559610949,7wHLFohwCw8l6WS-feLjeg,Other Mama open kitchen,inside,0,0,0,0,1,,4fhQdcABwN0SpD9Lw5bQBQ,1,4fhqdcabwn0spd9lw5bqbq,0,0,0,0,0,0,0,4fhqdcabwn0spd9lw5bqbq,0,0,0,0,0,0,0,0,0,0,0
193,lsqun0rgpvz6clycutvx3g,0.559379746,1qwkbN3wu3AGDxMTXVz2gA,,inside,0,0,1,0,0,,LsQUN0rGpVZ6CLyCUtvX3g,1,lsqun0rgpvz6clycutvx3g,0,0,0,0,0,0,0,lsqun0rgpvz6clycutvx3g,0,0,0,0,0,0,0,0,0,0,0
194,0tvqpzxdqoia2duh_-6uxq,0.558959377,wPiRP76arN0NB3M1ZXXp7g,,outside,0,1,1,1,0,,0tVQPZxdQOiA2DuH_-6uxQ,1,0,0tvqpzxdqoia2duh_-6uxq,0,0,0,0,0,0,0,0,0,0,0,0tvqpzxdqoia2duh_-6uxq,0,0,0,0,0,0
195,0t2ubccmvg_ibqkb5l3dba,0.55850748,IZivKqtHyz4-ts8KsnvMrA,,inside,0,0,1,1,0,,0T2uBcCmVG_iBqKb5L3dBA,1,0,0t2ubccmvg_ibqkb5l3dba,0,0,0,0,0,0,0,0t2ubccmvg_ibqkb5l3dba,0,0,0,0,0,0,0,0,0,0
196,kafnqiyfpr6xqutvjahoua,0.55783489,drNjH8Z63cgp8FWXh2hahA,,food,1,1,1,0,1,,kAfnQIYFPR6xQuTvjAhouA,1,kafnqiyfpr6xqutvjahoua,0,0,0,kafnqiyfpr6xqutvjahoua,0,0,0,0,0,0,0,0,0,0,0,0,0,0,0
197,7-be3m_ljh5xkqpvy5_haw,0.557787598,7wHLFohwCw8l6WS-feLjeg,05/14/18 Other Mama: Mushroom Tempura with Soy and Remoulade,food,1,1,1,1,1,,7-Be3M_lJH5XKQPVy5_haw,1,0,7-be3m_ljh5xkqpvy5_haw,0,0,0,7-be3m_ljh5xkqpvy5_haw,0,0,0,0,0,0,0,0,0,0,0,0,0,0
198,md_oxiedzelck5fytmby4q,0.557708779,hLDEtvhH3Z5H1J5-3UM5kg,Chinese-style marinated mussels and baked oysters with cheese on top,food,0,1,1,1,1,,Md_oXieDzElCk5FYTMbY4Q,1,0,md_oxiedzelck5fytmby4q,0,0,0,md_oxiedzelck5fytmby4q,0,0,0,0,0,0,0,0,0,0,0,0,0,0
199,6li9dv5kpappuw1d0xsu0g,0.557582668,4WW0U2mKgFYJILnWLmUwLA,,food,1,1,1,1,1,,6LI9dV5kPAPpuw1d0xsu0g,1,0,6li9dv5kpappuw1d0xsu0g,0,0,0,6li9dv5kpappuw1d0xsu0g,0,0,0,0,0,0,0,0,0,0,0,0,0,0
200,0wizn3uvr1lj-gdxaaa6vw,0.555901192,9eu2lQMROTKdrPyGkwZLYw,,drink,1,1,1,1,1,,0wIZN3Uvr1Lj-gDxaAa6Vw,1,0,0wizn3uvr1lj-gdxaaa6vw,0,0,0,0,0,0,0,0,0,0,0,0,0,0,0,0wizn3uvr1lj-gdxaaa6vw,0,0
201,9e512uoxcvepxt_nljcn8q,0.554540248,hLDEtvhH3Z5H1J5-3UM5kg,,inside,0,0,1,1,1,,9e512UOXCvepXT_NLJcn8Q,1,0,9e512uoxcvepxt_nljcn8q,0,0,0,0,0,0,0,9e512uoxcvepxt_nljcn8q,0,0,0,0,0,0,0,0,0,0
202,mcysw7m4jf5dgjgfwzefga,0.554408882,7wHLFohwCw8l6WS-feLjeg,"05/14/18 Other Mama: Mix Ceviche with Octopus, Shrimp, Whitefish, Habanero, Housemade Sweet Potato Chips",food,1,1,1,1,1,,mcYSw7M4JF5DGjgFwZEfGA,1,0,mcysw7m4jf5dgjgfwzefga,0,0,0,mcysw7m4jf5dgjgfwzefga,0,0,0,0,0,0,0,0,0,0,0,0,0,0
203,9ljg4qofm9fc5c5ejwwsoq,0.553725783,7wHLFohwCw8l6WS-feLjeg,"@endoedibles on Instagram Wild Shrimp � Garlic, Peewee Potatoes, Spinach",food,1,1,1,1,1,,9lJg4QOfM9FC5c5EjWWSOQ,1,0,9ljg4qofm9fc5c5ejwwsoq,0,0,0,9ljg4qofm9fc5c5ejwwsoq,0,0,0,0,0,0,0,0,0,0,0,0,0,0
204,jigvqa89qnmo-t7tevkb6w,0.552307038,l9B72QwKjUhEA-pLumCa5w,,food,0,1,1,0,0,,jiGVqa89qnmo-T7tEVKb6w,1,jigvqa89qnmo-t7tevkb6w,0,0,0,jigvqa89qnmo-t7tevkb6w,0,0,0,0,0,0,0,0,0,0,0,0,0,0,0
205,jqv7lhbrjrecx5pty1r-aw,0.551277134,gQnCTgwNFHfB40c8NoGAlw,Chicken Noodle Soup,drink,1,1,1,1,1,,jQv7lHbRJrECX5ptY1r-Aw,1,0,jqv7lhbrjrecx5pty1r-aw,0,0,0,0,0,0,0,0,0,0,0,0,0,0,0,jqv7lhbrjrecx5pty1r-aw,0,0
206,28gwpbdkblmtthoxbhiavq,0.550557252,7wHLFohwCw8l6WS-feLjeg,"05/14/18 Other Mama: Hush Puppies with Crab, Jalapenos, Spicy Remoulade",food,1,1,0,1,1,,28gWPbDKblmTTHOxbHIAVQ,1,0,28gwpbdkblmtthoxbhiavq,0,0,0,28gwpbdkblmtthoxbhiavq,0,0,0,0,0,0,0,0,0,0,0,0,0,0
207,nrnoys-2mmepu7qw9quw6g,0.550068573,ghVhlFpNhfBwWDFGSlt2JA,Eel was great!,food,0,1,0,1,1,,NRnoYS-2MMEPU7Qw9QUW6g,1,0,nrnoys-2mmepu7qw9quw6g,0,0,0,nrnoys-2mmepu7qw9quw6g,0,0,0,0,0,0,0,0,0,0,0,0,0,0
208,mahdbt39e48mtrvcfzkq5a,0.549438019,7gHdVSAz_Dm1wS1ZImJSiQ,,inside,0,0,1,1,1,,MaHdbt39e48mTrvCfzkQ5A,1,0,mahdbt39e48mtrvcfzkq5a,0,0,0,0,0,0,0,mahdbt39e48mtrvcfzkq5a,0,0,0,0,0,0,0,0,0,0
209,60s6cojaugpndjkftt98ig,0.548329296,ghVhlFpNhfBwWDFGSlt2JA,Trout,food,0,1,1,1,1,,60s6cOJaUGpNdJkFTT98ig,1,0,60s6cojaugpndjkftt98ig,0,0,0,60s6cojaugpndjkftt98ig,0,0,0,0,0,0,0,0,0,0,0,0,0,0
210,4fmvvay0vebdvdcp6iobvg,0.548182167,8-8btzuYZCqEVOPwk0YYfA,,inside,0,0,1,1,1,,4FMVvay0veBDVdcP6IOBVg,1,0,4fmvvay0vebdvdcp6iobvg,0,0,0,0,0,0,0,4fmvvay0vebdvdcp6iobvg,0,0,0,0,0,0,0,0,0,0
211,#NAME?,0.545954211,Mrqk1ydkvgKtlxrExCv6gQ,Yum!,food,1,1,0,1,1,,#NAME?,1,0,#NAME?,0,0,0,#NAME?,0,0,0,0,0,0,0,0,0,0,0,0,0,0
212,mcy4h92hf7w_ucd26vxmna,0.545145001,7wHLFohwCw8l6WS-feLjeg,"@endoedibles on Instagram Sea Cow and Plymouth with Rosemary Mignonette, Ponzu Salsa, Wasabi Cocktail Sauce, Habanero Pepper Sauce",food,1,1,1,1,1,,mcy4h92Hf7w_ucD26vxMNA,1,0,mcy4h92hf7w_ucd26vxmna,0,0,0,mcy4h92hf7w_ucd26vxmna,0,0,0,0,0,0,0,0,0,0,0,0,0,0
213,1cxurbxl27kn52utcmv7tg,0.545123983,pdE-moDQznZL4sUX-jGKdA,,food,1,1,1,1,1,,1cXURBXL27Kn52UTcMv7tg,1,0,1cxurbxl27kn52utcmv7tg,0,0,0,1cxurbxl27kn52utcmv7tg,0,0,0,0,0,0,0,0,0,0,0,0,0,0
214,2ktcmawyqlditbdjacmsgg,0.545034654,drNjH8Z63cgp8FWXh2hahA,Chicken miso ramen with add on seaweed.,food,1,1,1,1,1,,2ktcMAwYqlDItbdJAcmsgg,1,0,2ktcmawyqlditbdjacmsgg,0,0,0,2ktcmawyqlditbdjacmsgg,0,0,0,0,0,0,0,0,0,0,0,0,0,0
215,7qmvsdgwkaecif2ul80w2w,0.543904913,FhgAHo-8--equM8w5UZ41Q,Come and checkout our terrace !,outside,0,0,1,1,1,,7QmVsdgwKaECif2uL80W2w,1,0,7qmvsdgwkaecif2ul80w2w,0,0,0,0,0,0,0,0,0,0,0,7qmvsdgwkaecif2ul80w2w,0,0,0,0,0,0
216,1qwvsg99ubcn_avdmnie1a,0.543852366,drNjH8Z63cgp8FWXh2hahA,,food,1,1,1,1,1,,1qWvsG99ubcN_aVdMnIE1A,1,0,1qwvsg99ubcn_avdmnie1a,0,0,0,1qwvsg99ubcn_avdmnie1a,0,0,0,0,0,0,0,0,0,0,0,0,0,0
217,31huztw4yt5zjzj0gakufa,0.543248086,UUGoM4q4i8rK2CBRS0xDAw,,inside,0,0,0,0,1,,31HuztW4yT5zJzj0GAkufA,1,31huztw4yt5zjzj0gakufa,0,0,0,0,0,0,0,31huztw4yt5zjzj0gakufa,0,0,0,0,0,0,0,0,0,0,0
218,1kxhhm9ztoxhiurb_poy9q,0.543121975,mB_cI1tCrNxxvr2e2myNrQ,Wall of entertainment! And DJ is banging!,inside,0,0,0,0,0,,1KXhhm9zToXHiUrB_pOY9Q,1,1kxhhm9ztoxhiurb_poy9q,0,0,0,0,0,0,0,1kxhhm9ztoxhiurb_poy9q,0,0,0,0,0,0,0,0,0,0,0
219,6cwkvzms7e8zjxt8x7okua,0.543079938,n2NRR4N-kmeDvhHJivHGkA,,inside,1,1,1,1,1,,6cwkvzMs7e8zJxt8X7oKUA,1,0,6cwkvzms7e8zjxt8x7okua,0,0,0,0,0,0,0,6cwkvzms7e8zjxt8x7okua,0,0,0,0,0,0,0,0,0,0
220,4e2gpuc5cesxbww699jeww,0.542254964,Gaq3S9lmjXVcuDCZ8ulppw,popcorn scallop,food,1,1,0,1,1,,4E2GPuc5CesxBWW699jEWw,1,0,4e2gpuc5cesxbww699jeww,0,0,0,4e2gpuc5cesxbww699jeww,0,0,0,0,0,0,0,0,0,0,0,0,0,0
221,mxoe38svuwxpf97u-rv-zq,0.542076307,7wHLFohwCw8l6WS-feLjeg,That's where that Hannah comes from!,inside,0,0,0,0,0,,mXOe38svuwxpf97U-RV-ZQ,1,mxoe38svuwxpf97u-rv-zq,0,0,0,0,0,0,0,mxoe38svuwxpf97u-rv-zq,0,0,0,0,0,0,0,0,0,0,0
222,nxcrdyfnhmbakusr5n6uxq,0.541782049,5q6Xh-UcJa78bp6dzyaE7w,,food,1,1,1,1,1,,NXCrdyFNHMbakuSr5N6UXQ,1,0,nxcrdyfnhmbakusr5n6uxq,0,0,0,nxcrdyfnhmbakusr5n6uxq,0,0,0,0,0,0,0,0,0,0,0,0,0,0
223,54cvwkadvo3fs9ho5m0dla,0.540526197,gQnCTgwNFHfB40c8NoGAlw,Won Ton Happiness,food,1,1,1,1,1,,54cVWKadvO3Fs9hO5m0DLA,1,0,54cvwkadvo3fs9ho5m0dla,0,0,0,54cvwkadvo3fs9ho5m0dla,0,0,0,0,0,0,0,0,0,0,0,0,0,0
224,loh3-fsjhtqjdl0ylf-riq,0.540358049,gQnCTgwNFHfB40c8NoGAlw,,food,1,1,1,1,1,,loh3-FSJhTQJdl0YLF-rIQ,1,0,loh3-fsjhtqjdl0ylf-riq,0,0,0,loh3-fsjhtqjdl0ylf-riq,0,0,0,0,0,0,0,0,0,0,0,0,0,0
225,1au8ok49dbmjag0k68m4pw,0.540100573,Mrqk1ydkvgKtlxrExCv6gQ,bouillabaisse,food,1,1,1,1,1,,1AU8OK49dbmJag0K68M4Pw,1,0,1au8ok49dbmjag0k68m4pw,0,0,0,1au8ok49dbmjag0k68m4pw,0,0,0,0,0,0,0,0,0,0,0,0,0,0
226,7khylxzyvehpqzmebbykta,0.539769533,drNjH8Z63cgp8FWXh2hahA,Spicy fried chicken.,food,1,1,1,1,1,,7khYlXzyVEhpQZMeBbYktA,1,0,7khylxzyvehpqzmebbykta,0,0,0,7khylxzyvehpqzmebbykta,0,0,0,0,0,0,0,0,0,0,0,0,0,0
227,ogpdl1rmgeb4mnebulzerw,0.539701223,VSX3ixrqQFwwGBUf15s0EQ,Swordfish with cauliflower special,food,0,1,0,1,1,,oGPDl1RMgeb4mnEbULZERw,1,0,ogpdl1rmgeb4mnebulzerw,0,0,0,ogpdl1rmgeb4mnebulzerw,0,0,0,0,0,0,0,0,0,0,0,0,0,0
228,#NAME?,0.536474891,IRbgMt0cVuzK1KSppU16_Q,,food,0,1,0,0,1,,#NAME?,1,#NAME?,0,0,0,#NAME?,0,0,0,0,0,0,0,0,0,0,0,0,0,0,0
229,mqthjjmdg31tcfduigyk5g,0.536343526,wPiRP76arN0NB3M1ZXXp7g,,inside,0,0,0,0,0,,mQtHjJmdG31TCFDUIGyk5g,1,mqthjjmdg31tcfduigyk5g,0,0,0,0,0,0,0,mqthjjmdg31tcfduigyk5g,0,0,0,0,0,0,0,0,0,0,0
230,9kadsdtzsl3jbbly8kbifw,0.535166492,UUGoM4q4i8rK2CBRS0xDAw,Creme brulee $7,drink,0,0,0,0,0,,9KadsdTZsl3jBbLY8kBIFw,1,9kadsdtzsl3jbbly8kbifw,0,0,0,0,0,0,0,0,0,0,0,0,0,0,0,9kadsdtzsl3jbbly8kbifw,0,0,0
231,lj2lids73hp9bijsoquf1q,0.53485647,dztcNrIVDg6D-6sFOOofDA,"Seed bar- gross, too too sweet",food,0,0,0,0,1,,LJ2lids73hP9bijSoqUF1Q,1,lj2lids73hp9bijsoquf1q,0,0,0,lj2lids73hp9bijsoquf1q,0,0,0,0,0,0,0,0,0,0,0,0,0,0,0
232,onrnjsjiocxh2g_g8mannw,0.534189135,7wHLFohwCw8l6WS-feLjeg,"@endoedibles on Instagram Rhode Island Calamari � Pickled Peppers, Hollandaise",food,1,1,1,1,1,,oNrnjsjioCXh2g_g8maNnw,1,0,onrnjsjiocxh2g_g8mannw,0,0,0,onrnjsjiocxh2g_g8mannw,0,0,0,0,0,0,0,0,0,0,0,0,0,0
233,nmruqeixzffbi8sdzvdcqq,0.532444603,ghVhlFpNhfBwWDFGSlt2JA,California roll,food,1,1,0,0,1,,nMRUqeiXZFfBi8SdZvDcqQ,1,nmruqeixzffbi8sdzvdcqq,0,0,0,nmruqeixzffbi8sdzvdcqq,0,0,0,0,0,0,0,0,0,0,0,0,0,0,0
234,1gpgg_6nhyh0e8rjoitozq,0.532413076,UUGoM4q4i8rK2CBRS0xDAw,,outside,0,0,1,1,0,,1Gpgg_6NHyH0e8RjoITozQ,1,0,1gpgg_6nhyh0e8rjoitozq,0,0,0,0,0,0,0,0,0,0,0,1gpgg_6nhyh0e8rjoitozq,0,0,0,0,0,0
235,3q166qcv69fh0lezoibung,0.532381548,6lovZEiwWcRYRhyKd94DRg,,outside,0,0,1,0,0,,3Q166QCV69FH0lezoIBUNg,1,3q166qcv69fh0lezoibung,0,0,0,0,0,0,0,0,0,0,0,3q166qcv69fh0lezoibung,0,0,0,0,0,0,0
236,64gf0qvbv04k8myhln9o-w,0.532229164,owRpTuIch1DGwbt4Wwl1NQ,,food,0,1,1,1,1,,64GF0QVBv04K8MyHln9O-w,1,0,64gf0qvbv04k8myhln9o-w,0,0,0,64gf0qvbv04k8myhln9o-w,0,0,0,0,0,0,0,0,0,0,0,0,0,0
237,o96uwaf-mmmkqoi9fl3ena,0.531687939,5q6Xh-UcJa78bp6dzyaE7w,Looks like I'm the only early bird today.,inside,0,0,1,1,1,,O96UwAf-mmmkQoI9fL3enA,1,0,o96uwaf-mmmkqoi9fl3ena,0,0,0,0,0,0,0,o96uwaf-mmmkqoi9fl3ena,0,0,0,0,0,0,0,0,0,0
238,3c2wpae0d59ob0jrv4plkw,0.531619629,WK6uBV2eSqb2wwEwXoFfNg,Just deliciousness,food,1,1,1,1,1,,3c2WpAE0d59oB0jRV4pLKw,1,0,3c2wpae0d59ob0jrv4plkw,0,0,0,3c2wpae0d59ob0jrv4plkw,0,0,0,0,0,0,0,0,0,0,0,0,0,0
239,mqbybwcvkq8rh94q059csa,0.531419954,gQnCTgwNFHfB40c8NoGAlw,,food,1,1,1,1,1,,mQBybwcVKq8rh94q059csA,1,0,mqbybwcvkq8rh94q059csa,0,0,0,mqbybwcvkq8rh94q059csa,0,0,0,0,0,0,0,0,0,0,0,0,0,0
240,nbqislqptric_n5ho5bibg,0.531036367,FhgAHo-8--equM8w5UZ41Q,DRAGON,food,1,1,1,1,1,,nbqISLQPtrIc_N5ho5biBg,1,0,nbqislqptric_n5ho5bibg,0,0,0,nbqislqptric_n5ho5bibg,0,0,0,0,0,0,0,0,0,0,0,0,0,0
241,9hsjbdysjann9v8wuzqwoq,0.530962803,UUGoM4q4i8rK2CBRS0xDAw,Berry crepe,food,1,1,1,1,1,,9hSjBdysJANN9v8wuzqwoQ,1,0,9hsjbdysjann9v8wuzqwoq,0,0,0,9hsjbdysjann9v8wuzqwoq,0,0,0,0,0,0,0,0,0,0,0,0,0,0
242,7b8n8yibxbevf4vv74__7q,0.53092602,Mrqk1ydkvgKtlxrExCv6gQ,Oysters,food,0,1,1,0,1,,7b8n8YIbXbevf4Vv74__7Q,1,7b8n8yibxbevf4vv74__7q,0,0,0,7b8n8yibxbevf4vv74__7q,0,0,0,0,0,0,0,0,0,0,0,0,0,0,0
243,5fges-fdf6awpyirfimfkw,0.530174611,8-8btzuYZCqEVOPwk0YYfA,We will surely visit some of your branches,outside,0,0,1,0,1,,5fGeS-FDf6AWpYIrfIMFkw,1,5fges-fdf6awpyirfimfkw,0,0,0,0,0,0,0,0,0,0,0,5fges-fdf6awpyirfimfkw,0,0,0,0,0,0,0
244,#NAME?,0.530022227,IRbgMt0cVuzK1KSppU16_Q,,food,0,1,0,0,1,,#NAME?,1,#NAME?,0,0,0,#NAME?,0,0,0,0,0,0,0,0,0,0,0,0,0,0,0
245,jzc4uqcplb6hvgjyv6ybsq,0.529906626,fSBhe0A6Dfa8JCYccfpMog,"Special ordered Lox AND bacon, on a toasted garlic bagel with scallion cream cheese.  Do it",food,0,1,1,1,1,,jzc4UQcPLB6HvgJyV6ybSQ,1,0,jzc4uqcplb6hvgjyv6ybsq,0,0,0,jzc4uqcplb6hvgjyv6ybsq,0,0,0,0,0,0,0,0,0,0,0,0,0,0
246,jjprsc5m1t6wt4pzfil2tg,0.52835126,ghVhlFpNhfBwWDFGSlt2JA,,food,0,1,0,0,1,,jJpRSc5m1t6Wt4PZfIl2Tg,1,jjprsc5m1t6wt4pzfil2tg,0,0,0,jjprsc5m1t6wt4pzfil2tg,0,0,0,0,0,0,0,0,0,0,0,0,0,0,0
247,3n7s-bectjtzos0_o5rrqq,0.528209386,9eu2lQMROTKdrPyGkwZLYw,Steps from CN Tower.  @FoodLoversToronto on instagram for details,outside,0,0,0,0,0,,3n7s-bEctjTzoS0_o5RRQQ,1,3n7s-bectjtzos0_o5rrqq,0,0,0,0,0,0,0,0,0,0,0,3n7s-bectjtzos0_o5rrqq,0,0,0,0,0,0,0
248,lsaws_ntyabhksb7z2zzxw,0.527641888,fP8JqPAVh9MQ2OIlfvsKnw,,food,1,1,1,1,1,,LSaWS_NTyaBhkSB7z2Zzxw,1,0,lsaws_ntyabhksb7z2zzxw,0,0,0,lsaws_ntyabhksb7z2zzxw,0,0,0,0,0,0,0,0,0,0,0,0,0,0
249,7twqlfksxbddmn_0cvtgkw,0.527536795,UUGoM4q4i8rK2CBRS0xDAw,(photographed by Dave Hong),food,0,1,0,1,1,,7twqLFKsxbdDMn_0CVTgkw,1,0,7twqlfksxbddmn_0cvtgkw,0,0,0,7twqlfksxbddmn_0cvtgkw,0,0,0,0,0,0,0,0,0,0,0,0,0,0
250,ok85i5jzyx2xnz_tpnl5ma,0.525723954,1qwkbN3wu3AGDxMTXVz2gA,,inside,0,0,1,1,0,,ok85I5JzYx2xNz_tPNL5mA,1,0,ok85i5jzyx2xnz_tpnl5ma,0,0,0,0,0,0,0,ok85i5jzyx2xnz_tpnl5ma,0,0,0,0,0,0,0,0,0,0
251,mpkdnfal2h9_du5ajhdqmw,0.525314094,pB9ZZGJaApSw2PMcOTc8og,Tootzy and las Vegas roll, baby calimari and scallop poppers. Happy hour.,food,0,1,1,1,1,mPKdnFAl2h9_Du5AJhDQMw,1,0,mpkdnfal2h9_du5ajhdqmw,0,0,0,0,0,0,0,0,0,0,0,0,0,0,0,0,0,0
252,o4vlqr8yt_el04hlo6uida,0.524888471,ghVhlFpNhfBwWDFGSlt2JA,Salmon skin hand roll,food,1,1,1,1,1,,o4VlQR8YT_El04HLo6uIDA,1,0,o4vlqr8yt_el04hlo6uida,0,0,0,o4vlqr8yt_el04hlo6uida,0,0,0,0,0,0,0,0,0,0,0,0,0,0
253,ngli9ck86x8ebqhcu2i1wg,0.524583703,Mrqk1ydkvgKtlxrExCv6gQ,,food,1,1,0,1,1,,nGli9cK86x8ebqhcu2i1Wg,1,0,ngli9ck86x8ebqhcu2i1wg,0,0,0,ngli9ck86x8ebqhcu2i1wg,0,0,0,0,0,0,0,0,0,0,0,0,0,0
254,#NAME?,0.523017829,5q6Xh-UcJa78bp6dzyaE7w,,inside,0,0,0,1,0,,#NAME?,1,0,#NAME?,0,0,0,0,0,0,0,#NAME?,0,0,0,0,0,0,0,0,0,0
255,lkjivnduhlobouxj5mmqsg,0.52293901,ghVhlFpNhfBwWDFGSlt2JA,Popcorn lobster,food,0,1,0,0,1,,LKJIvNdUHLOboUXj5mmQsg,1,lkjivnduhlobouxj5mmqsg,0,0,0,lkjivnduhlobouxj5mmqsg,0,0,0,0,0,0,0,0,0,0,0,0,0,0,0
256,5xd1ydpmeeuhclqizf9ang,0.52259746,drNjH8Z63cgp8FWXh2hahA,,inside,0,0,1,1,0,,5XD1YDpmEEUHClqIzF9aNg,1,0,5xd1ydpmeeuhclqizf9ang,0,0,0,0,0,0,0,5xd1ydpmeeuhclqizf9ang,0,0,0,0,0,0,0,0,0,0
257,5cb16nlyythribtz0fuqya,0.521872323,ghVhlFpNhfBwWDFGSlt2JA,,food,1,1,1,1,1,,5Cb16nLyythribtZ0FUqYA,1,0,5cb16nlyythribtz0fuqya,0,0,0,5cb16nlyythribtz0fuqya,0,0,0,0,0,0,0,0,0,0,0,0,0,0
258,#NAME?,0.521346862,7wHLFohwCw8l6WS-feLjeg,"@endoedibles on Instagram Rhode Island Calamari � Pickled Peppers, Hollandaise",food,1,1,0,1,1,,#NAME?,1,0,#NAME?,0,0,0,#NAME?,0,0,0,0,0,0,0,0,0,0,0,0,0,0
259,olxxhf_iflte06ngdjcyig,0.521194478,UUGoM4q4i8rK2CBRS0xDAw,,food,1,1,1,0,0,,OLxxhf_IflTE06NGdjcyIg,1,olxxhf_iflte06ngdjcyig,0,0,0,olxxhf_iflte06ngdjcyig,0,0,0,0,0,0,0,0,0,0,0,0,0,0,0
260,jtecwtqzcyfeuyhjxdd8ya,0.520380014,ghVhlFpNhfBwWDFGSlt2JA,Salmon Carpaccio,food,0,1,0,0,1,,jTEcWtqzCYFEUyhJXDD8yA,1,jtecwtqzcyfeuyhjxdd8ya,0,0,0,jtecwtqzcyfeuyhjxdd8ya,0,0,0,0,0,0,0,0,0,0,0,0,0,0,0
261,nxqmr3lsc2vbbnoxbhrxww,0.520274921,gQnCTgwNFHfB40c8NoGAlw,,food,1,1,1,1,1,,NXqmR3LSC2vbBNOXBhRXWw,1,0,nxqmr3lsc2vbbnoxbhrxww,0,0,0,nxqmr3lsc2vbbnoxbhrxww,0,0,0,0,0,0,0,0,0,0,0,0,0,0
262,jpdk1hfgaevar6k1a5smua,0.520075246,Gaq3S9lmjXVcuDCZ8ulppw,Uni -- DECENT,food,0,0,0,0,1,,jpdk1HFgaEVaR6k1a5SmUA,1,jpdk1hfgaevar6k1a5smua,0,0,0,jpdk1hfgaevar6k1a5smua,0,0,0,0,0,0,0,0,0,0,0,0,0,0,0
263,41qmzpg4wr-u8jgokeg57w,0.520038464,kABF0hYfAEnl166mn1zR1A,,food,1,1,1,1,1,,41QmZpg4Wr-u8JGOkEg57w,1,0,41qmzpg4wr-u8jgokeg57w,0,0,0,41qmzpg4wr-u8jgokeg57w,0,0,0,0,0,0,0,0,0,0,0,0,0,0
264,9kyknrtmkpl1pvxonilr0a,0.519696914,wPiRP76arN0NB3M1ZXXp7g,Seabass,food,0,0,0,0,1,,9KyknRtMkPl1pVxONilr0A,1,9kyknrtmkpl1pvxonilr0a,0,0,0,9kyknrtmkpl1pvxonilr0a,0,0,0,0,0,0,0,0,0,0,0,0,0,0,0
265,2dmsccirduvgmxeqhbdecq,0.519229253,n2NRR4N-kmeDvhHJivHGkA,,outside,0,0,0,0,0,,2DMScCirDUVGMxeqhbDecQ,1,2dmsccirduvgmxeqhbdecq,0,0,0,0,0,0,0,0,0,0,0,2dmsccirduvgmxeqhbdecq,0,0,0,0,0,0,0
266,6aqusmxgbqbjciabiesvqq,0.519166198,kABF0hYfAEnl166mn1zR1A,,food,1,1,1,1,1,,6aQusMXgBqBjCIABIesVQQ,1,0,6aqusmxgbqbjciabiesvqq,0,0,0,6aqusmxgbqbjciabiesvqq,0,0,0,0,0,0,0,0,0,0,0,0,0,0
267,4kbsackfgsewpo9daej2ww,0.51894025,pdTYUCGkYz35utxPyUMoag,,food,0,1,1,1,1,,4KbSACKfgsewpo9daEJ2ww,1,0,4kbsackfgsewpo9daej2ww,0,0,0,4kbsackfgsewpo9daej2ww,0,0,0,0,0,0,0,0,0,0,0,0,0,0
268,1xcawb9mcel9owduu6vbxw,0.517826272,gQnCTgwNFHfB40c8NoGAlw,Mac & Cheese,food,1,0,1,1,1,,1xcAwb9McEL9oWdUu6vBxw,1,0,1xcawb9mcel9owduu6vbxw,0,0,0,1xcawb9mcel9owduu6vbxw,0,0,0,0,0,0,0,0,0,0,0,0,0,0
269,1dnb4gfipbx-mrbo5-syyg,0.517006553,1qwkbN3wu3AGDxMTXVz2gA,,inside,0,1,0,0,1,,1Dnb4GFIPbx-MrbO5-syyg,1,1dnb4gfipbx-mrbo5-syyg,0,0,0,0,0,0,0,1dnb4gfipbx-mrbo5-syyg,0,0,0,0,0,0,0,0,0,0,0
270,3xxi4wvzhmnjpcyw1k_p7g,0.516943497,pzy9xWQqsDxVU6j9MktRJg,Supersized!,food,0,1,1,1,0,,3XXI4WvZHmNjPcYw1k_p7g,1,0,3xxi4wvzhmnjpcyw1k_p7g,0,0,0,3xxi4wvzhmnjpcyw1k_p7g,0,0,0,0,0,0,0,0,0,0,0,0,0,0
271,9ammrev0_yzf-zpuoqwcqw,0.516885696,kABF0hYfAEnl166mn1zR1A,Deliciousness! The braised pork was amazing,food,0,0,1,1,0,,9amMreV0_yzf-zPuoqWcQw,1,0,9ammrev0_yzf-zpuoqwcqw,0,0,0,9ammrev0_yzf-zpuoqwcqw,0,0,0,0,0,0,0,0,0,0,0,0,0,0
272,6hzabybnfatda01sdrtd1q,0.515871556,7wHLFohwCw8l6WS-feLjeg,,inside,0,0,0,0,0,,6HzabYbNfAtDa01SdrtD1Q,1,6hzabybnfatda01sdrtd1q,0,0,0,0,0,0,0,6hzabybnfatda01sdrtd1q,0,0,0,0,0,0,0,0,0,0,0
273,mh07jgbb9p1keqd_t2xatq,0.51547746,7wHLFohwCw8l6WS-feLjeg,05/14/18 Other Mama: Hushpuppy (interior),food,0,0,0,1,0,,MH07JgBB9p1KEQD_T2XatQ,1,0,mh07jgbb9p1keqd_t2xatq,0,0,0,mh07jgbb9p1keqd_t2xatq,0,0,0,0,0,0,0,0,0,0,0,0,0,0
274,4thhga8493noqbyj15_vrw,0.51535135,ghVhlFpNhfBwWDFGSlt2JA,Salmon,food,0,1,0,0,1,,4thhGA8493noQbyJ15_VRw,1,4thhga8493noqbyj15_vrw,0,0,0,4thhga8493noqbyj15_vrw,0,0,0,0,0,0,0,0,0,0,0,0,0,0,0
275,mzq4b7se764qtpmozp_hvg,0.514437047,wPiRP76arN0NB3M1ZXXp7g,Seasonal olive oil grilled veggies served with the baked whole sea bass,food,1,1,1,1,1,,MZq4B7SE764QtpmozP_HVg,1,0,mzq4b7se764qtpmozp_hvg,0,0,0,mzq4b7se764qtpmozp_hvg,0,0,0,0,0,0,0,0,0,0,0,0,0,0
276,3ieah020rh3slg2kkrmvdq,0.51425839,ghVhlFpNhfBwWDFGSlt2JA,KFC.,food,0,1,0,1,1,,3ieaH020rh3SlG2kkrMvDQ,1,0,3ieah020rh3slg2kkrmvdq,0,0,0,3ieah020rh3slg2kkrmvdq,0,0,0,0,0,0,0,0,0,0,0,0,0,0
277,_ootrj2hglt6xsler9gt5g,0.513811748,5q6Xh-UcJa78bp6dzyaE7w,Assorted doughnuts - each one tasted amazing!,food,1,1,1,1,1,,_OoTrJ2hglt6xSLEr9GT5g,1,0,_ootrj2hglt6xsler9gt5g,0,0,0,_ootrj2hglt6xsler9gt5g,0,0,0,0,0,0,0,0,0,0,0,0,0,0
278,4g75p5_y_ihod-rycxipaa,0.5114787,JhRxDdmZSGDG_u7cGxaYrw,Fres Pressed Juices,drink,1,1,1,1,1,,4g75P5_Y_iHoD-rYCXipaA,1,0,4g75p5_y_ihod-rycxipaa,0,0,0,0,0,0,0,0,0,0,0,0,0,0,0,4g75p5_y_ihod-rycxipaa,0,0
279,0gzvl9pirdv0rfbtn0jrgw,0.510285903,ghVhlFpNhfBwWDFGSlt2JA,,food,0,1,1,1,1,,0gzvL9PiRdV0RfBtN0jRgw,1,0,0gzvl9pirdv0rfbtn0jrgw,0,0,0,0gzvl9pirdv0rfbtn0jrgw,0,0,0,0,0,0,0,0,0,0,0,0,0,0
280,odopw30fti5dy7vdfychcw,0.509991645,ghVhlFpNhfBwWDFGSlt2JA,"The pang (Salmon, crab, cream cheese, and eel sauce on toast)",food,0,1,1,1,1,,OdopW30Fti5DY7VdFYchCw,1,0,odopw30fti5dy7vdfychcw,0,0,0,odopw30fti5dy7vdfychcw,0,0,0,0,0,0,0,0,0,0,0,0,0,0
281,3sjsanlbjyhiewjeenvb5a,0.508226095,ZDDzKXN_JXe7694zePRuTQ,,outside,0,0,0,1,0,,3sJSaNlbJyHiEWJEENVB5A,1,0,3sjsanlbjyhiewjeenvb5a,0,0,0,0,0,0,0,0,0,0,0,3sjsanlbjyhiewjeenvb5a,0,0,0,0,0,0
282,7nihmu9k0g8ttzbk49z2vg,0.507742671,pdE-moDQznZL4sUX-jGKdA,"The Farmhouse Burger with duck fried egg, lettuce, goat cheese and thick cut bacon on a sesame bun.",food,1,1,1,1,1,,7NIhMu9k0g8tTzBK49z2vg,1,0,7nihmu9k0g8ttzbk49z2vg,0,0,0,7nihmu9k0g8ttzbk49z2vg,0,0,0,0,0,0,0,0,0,0,0,0,0,0
283,#NAME?,0.50735383,9eu2lQMROTKdrPyGkwZLYw,"At 9:30 AM, we had to wait 20 minutes to be seated for breakfast even though there were empty tables.",inside,0,0,0,0,0,,#NAME?,1,#NAME?,0,0,0,0,0,0,0,#NAME?,0,0,0,0,0,0,0,0,0,0,0
284,krrmjjw8phtuomznn-k8zg,0.506176797,FhgAHo-8--equM8w5UZ41Q,,food,1,1,1,1,1,,krrMjjW8phtUOMznN-K8zg,1,0,krrmjjw8phtuomznn-k8zg,0,0,0,krrmjjw8phtuomznn-k8zg,0,0,0,0,0,0,0,0,0,0,0,0,0,0
285,#NAME?,0.504742288,n72smZw1iVORdnjGfFT0FQ,Lots of seating inside Richmond Court Restaurant!,inside,0,0,0,0,0,,#NAME?,1,#NAME?,0,0,0,0,0,0,0,#NAME?,0,0,0,0,0,0,0,0,0,0,0
286,0hqvrvo-qasndk6ibfzbfq,0.503581018,gQnCTgwNFHfB40c8NoGAlw,,food,1,1,1,1,1,,0hqvRvO-qaSndk6iBFzBFQ,1,0,0hqvrvo-qasndk6ibfzbfq,0,0,0,0hqvrvo-qasndk6ibfzbfq,0,0,0,0,0,0,0,0,0,0,0,0,0,0
287,nbol0aoggtjcogvu95byiq,0.503318288,7wHLFohwCw8l6WS-feLjeg,,food,0,1,0,0,1,,Nbol0AoGgtjcOgVU95BYIQ,1,nbol0aoggtjcogvu95byiq,0,0,0,nbol0aoggtjcogvu95byiq,0,0,0,0,0,0,0,0,0,0,0,0,0,0,0
288,0tosomge4fegj2fwc06x3w,0.50254586,w_Cw1-80276SAhHw2LJqFQ,Try on our Amazing Wraps & Buffalo Chips,food,1,1,1,1,1,,0TosoMgE4FEGj2fWc06X3w,1,0,0tosomge4fegj2fwc06x3w,0,0,0,0tosomge4fegj2fwc06x3w,0,0,0,0,0,0,0,0,0,0,0,0,0,0
289,5sxvesuq0bdk9xlyz0toka,0.502262111,ghVhlFpNhfBwWDFGSlt2JA,,food,0,1,1,1,1,,5sXvesuQ0Bdk9XLyz0ToKA,1,0,5sxvesuq0bdk9xlyz0toka,0,0,0,5sxvesuq0bdk9xlyz0toka,0,0,0,0,0,0,0,0,0,0,0,0,0,0
290,jjbupokqkc3pzpbrh_wykg,0.501741904,R1jJQi2yR44D_2ileqr8kA,,food,1,1,1,1,1,,jjBUpOKqKC3PZpbRh_WYKg,1,0,jjbupokqkc3pzpbrh_wykg,0,0,0,jjbupokqkc3pzpbrh_wykg,0,0,0,0,0,0,0,0,0,0,0,0,0,0
291,5d_84gxsm-v80vm8tfnslq,0.501552738,drNjH8Z63cgp8FWXh2hahA,,food,0,1,1,1,1,,5d_84Gxsm-v80vm8TfNSLQ,1,0,5d_84gxsm-v80vm8tfnslq,0,0,0,5d_84gxsm-v80vm8tfnslq,0,0,0,0,0,0,0,0,0,0,0,0,0,0
292,0brwybsmnm0i259midgblw,0.500932694,UUGoM4q4i8rK2CBRS0xDAw,Digging into perfection! Inside of our raspberry cheesecake,food,1,1,1,1,1,,0BRWYBsMNM0i259MIdGBlw,1,0,0brwybsmnm0i259midgblw,0,0,0,0brwybsmnm0i259midgblw,0,0,0,0,0,0,0,0,0,0,0,0,0,0
293,7n_7qmfqzojs-qcnjdbdng,0.500827601,IZivKqtHyz4-ts8KsnvMrA,,inside,0,1,1,1,1,,7N_7QmfQZOjs-QcnJdBdNg,1,0,7n_7qmfqzojs-qcnjdbdng,0,0,0,0,0,0,0,7n_7qmfqzojs-qcnjdbdng,0,0,0,0,0,0,0,0,0,0
294,1rackwifmi2kzjzol9ofqq,0.500696236,ghVhlFpNhfBwWDFGSlt2JA,,food,0,1,1,0,1,,1rACkWIFmI2KZJZOl9OfqQ,1,1rackwifmi2kzjzol9ofqq,0,0,0,1rackwifmi2kzjzol9ofqq,0,0,0,0,0,0,0,0,0,0,0,0,0,0,0
295,olu_2tzpxwtitwhaci9seg,0.497732635,UUGoM4q4i8rK2CBRS0xDAw,World's largest chocolate fountain,inside,0,0,0,0,0,,Olu_2tzPXwtITwHaci9seg,0,0,0,0,olu_2tzpxwtitwhaci9seg,0,0,0,0,0,0,0,olu_2tzpxwtitwhaci9seg,0,0,0,0,0,0,0,0
296,41kvhevbue_uchjjb_xpcg,0.497496177,VSX3ixrqQFwwGBUf15s0EQ,"Ok so I ate half and then remembered to take a pic...the half rotisserie chicken with ribs, slaw and fries!!!!",food,0,0,0,0,1,,41KVHEvbue_uChJjb_xpcg,0,0,0,0,41kvhevbue_uchjjb_xpcg,0,0,0,41kvhevbue_uchjjb_xpcg,0,0,0,0,0,0,0,0,0,0,0,0
297,muipocyz4a_5y2q3dtdamw,0.497307011,udFcIcbWbxrO8uLF95WnQg,,food,0,1,1,1,1,,MUIpOCyz4a_5y2Q3DTDAMw,0,0,0,muipocyz4a_5y2q3dtdamw,0,0,0,muipocyz4a_5y2q3dtdamw,0,0,0,0,0,0,0,0,0,0,0,0,0
298,ojxk6kxu9cwfz-ajgnddwg,0.497144118,ghVhlFpNhfBwWDFGSlt2JA,Ocean trout,food,1,1,1,1,1,,OjXK6kxu9CwFz-AJGNDDWg,0,0,0,ojxk6kxu9cwfz-ajgnddwg,0,0,0,ojxk6kxu9cwfz-ajgnddwg,0,0,0,0,0,0,0,0,0,0,0,0,0
299,mu6ekfxawyahm58r7smtoa,0.496487292,pdE-moDQznZL4sUX-jGKdA,View of some dining space + open kitchen,inside,0,0,0,0,0,,MU6EKFxAwYaHm58r7SMtoA,0,0,0,0,mu6ekfxawyahm58r7smtoa,0,0,0,0,0,0,0,mu6ekfxawyahm58r7smtoa,0,0,0,0,0,0,0,0
300,0qgxpehptb5uyxecqgjeoq,0.495241949,UUGoM4q4i8rK2CBRS0xDAw,Snicker cake.... So good,food,1,1,1,1,1,,0QGXPEHptB5UYxecQGjEOQ,0,0,0,0qgxpehptb5uyxecqgjeoq,0,0,0,0qgxpehptb5uyxecqgjeoq,0,0,0,0,0,0,0,0,0,0,0,0,0
301,nrf-3c5yqr_3qfski178ug,0.494737506,8cQc0BRbkSDSkLn6oFw3mw,,food,0,1,1,1,1,,nRF-3c5yQr_3qfsKI178ug,0,0,0,nrf-3c5yqr_3qfski178ug,0,0,0,nrf-3c5yqr_3qfski178ug,0,0,0,0,0,0,0,0,0,0,0,0,0
302,5rfq4ochnb8h7gllehz3cq,0.494285609,ghVhlFpNhfBwWDFGSlt2JA,,inside,0,0,1,0,0,,5rFq4ochnB8H7glLehZ3cQ,0,0,0,0,5rfq4ochnb8h7gllehz3cq,0,0,0,0,0,0,0,5rfq4ochnb8h7gllehz3cq,0,0,0,0,0,0,0,0
303,5rbtcqvvftnopaev4yi1og,0.492399203,V_TxEdzeEs8P5nGPANOY7A,,food,1,1,0,0,1,,5RbtCqVvFTnOPAeV4yI1og,0,0,0,0,5rbtcqvvftnopaev4yi1og,0,0,0,5rbtcqvvftnopaev4yi1og,0,0,0,0,0,0,0,0,0,0,0,0
304,2y-mds280dpk9bs-_sfxvg,0.492346657,IRbgMt0cVuzK1KSppU16_Q,,inside,0,0,1,1,1,,2Y-mds280DPk9bS-_SfXVg,0,0,0,2y-mds280dpk9bs-_sfxvg,0,0,0,0,0,0,0,2y-mds280dpk9bs-_sfxvg,0,0,0,0,0,0,0,0,0
305,k-u5vrkal1oxyrhma6fnpg,0.4921102,0uR48n5SYcLE_DLcjONZPg,,inside,0,0,1,0,1,,K-u5VRkAL1oxYrhmA6fNpg,0,0,0,0,k-u5vrkal1oxyrhma6fnpg,0,0,0,0,0,0,0,k-u5vrkal1oxyrhma6fnpg,0,0,0,0,0,0,0,0
306,3v9micxmcpidh4vwhs9zaw,0.491889506,gQnCTgwNFHfB40c8NoGAlw,,food,1,1,1,1,1,,3v9mIcXMcPidh4vwhs9zAw,0,0,0,3v9micxmcpidh4vwhs9zaw,0,0,0,3v9micxmcpidh4vwhs9zaw,0,0,0,0,0,0,0,0,0,0,0,0,0
307,mk6xylu_xaivi-ifkjqzrg,0.489004724,UUGoM4q4i8rK2CBRS0xDAw,,food,0,1,1,1,1,,MK6xyLU_xAivI-IfkJQZrg,0,0,0,mk6xylu_xaivi-ifkjqzrg,0,0,0,mk6xylu_xaivi-ifkjqzrg,0,0,0,0,0,0,0,0,0,0,0,0,0
308,9mdvipadbj2g4c9vtl_2vq,0.487023735,ghVhlFpNhfBwWDFGSlt2JA,Scallops were great,food,0,1,1,1,1,,9mDvIPADbJ2g4C9Vtl_2VQ,0,0,0,9mdvipadbj2g4c9vtl_2vq,0,0,0,9mdvipadbj2g4c9vtl_2vq,0,0,0,0,0,0,0,0,0,0,0,0,0
309,oihcqqyfyd0oijeblpwshq,0.486887115,7wHLFohwCw8l6WS-feLjeg,"@endoedibles on Instagram Deviled Eggs � Fried Oysters, Pickled Peppers",food,1,1,1,1,1,,OiHcQQyfYd0oIjeBlpWShQ,0,0,0,oihcqqyfyd0oijeblpwshq,0,0,0,oihcqqyfyd0oijeblpwshq,0,0,0,0,0,0,0,0,0,0,0,0,0
310,m20p-bi-8w0cveyonrox2w,0.486235543,kABF0hYfAEnl166mn1zR1A,,food,1,1,1,1,1,,M20P-Bi-8w0cVEYONroX2w,0,0,0,m20p-bi-8w0cveyonrox2w,0,0,0,m20p-bi-8w0cveyonrox2w,0,0,0,0,0,0,0,0,0,0,0,0,0
311,mzx5g3qza7xeleumlnwf8q,0.486193506,Q4AWWdBWe_ojYX1a4ffXFQ,With garnishes,food,0,1,1,1,1,,mzX5g3qZa7xeLeUMlNWF8Q,0,0,0,mzx5g3qza7xeleumlnwf8q,0,0,0,mzx5g3qza7xeleumlnwf8q,0,0,0,0,0,0,0,0,0,0,0,0,0
312,1zbwepd0tvcdjtcs01eoaq,0.485699573,FhgAHo-8--equM8w5UZ41Q,Mezz� Aux Vivres avec chapati,food,1,1,1,1,1,,1ZbWePd0TvcDjTcS01EOAQ,0,0,0,1zbwepd0tvcdjtcs01eoaq,0,0,0,1zbwepd0tvcdjtcs01eoaq,0,0,0,0,0,0,0,0,0,0,0,0,0
313,kxs68ovqq8kvzhoilsw0kw,0.485252931,udFcIcbWbxrO8uLF95WnQg,Seating,inside,0,0,1,0,1,,kxs68ovQq8kvzHOiLsW0kw,0,0,0,0,kxs68ovqq8kvzhoilsw0kw,0,0,0,0,0,0,0,kxs68ovqq8kvzhoilsw0kw,0,0,0,0,0,0,0,0
314,nd7wijeld1zqgz4takx6cw,0.48505851,pdTYUCGkYz35utxPyUMoag,Mexican street corn.,food,0,1,0,1,1,,nd7WIjeLd1ZQgZ4TAKx6cw,0,0,0,nd7wijeld1zqgz4takx6cw,0,0,0,nd7wijeld1zqgz4takx6cw,0,0,0,0,0,0,0,0,0,0,0,0,0
315,9gl4e0qy0v1inkr0jm5kcq,0.484706451,kABF0hYfAEnl166mn1zR1A,,food,1,1,1,1,1,,9GL4E0qy0V1inKr0jM5kCQ,0,0,0,9gl4e0qy0v1inkr0jm5kcq,0,0,0,9gl4e0qy0v1inkr0jm5kcq,0,0,0,0,0,0,0,0,0,0,0,0,0
316,nklscwxaoadjt1zdwqzgig,0.484501521,FhgAHo-8--equM8w5UZ41Q,,inside,0,0,0,0,0,,NKLscWXAOAdJT1zDwQzgig,0,0,0,0,nklscwxaoadjt1zdwqzgig,0,0,0,0,0,0,0,nklscwxaoadjt1zdwqzgig,0,0,0,0,0,0,0,0
317,7ctac9ynvqw33_uujvusyw,0.484391174,JhRxDdmZSGDG_u7cGxaYrw,Grilled Steak Salad,food,1,1,1,1,1,,7cTaC9ynVQW33_UuJvUsYw,0,0,0,7ctac9ynvqw33_uujvusyw,0,0,0,7ctac9ynvqw33_uujvusyw,0,0,0,0,0,0,0,0,0,0,0,0,0
318,mamtk0tuyjdj45705i1_jg,0.484096916,-9eNGMp8XiygI8t8QFuFWw,,food,1,0,1,1,1,,MamTK0tuYjdj45705I1_Jg,0,0,0,mamtk0tuyjdj45705i1_jg,0,0,0,mamtk0tuyjdj45705i1_jg,0,0,0,0,0,0,0,0,0,0,0,0,0
319,myf5ywi9euz7qli5_y8hzw,0.483765875,drNjH8Z63cgp8FWXh2hahA,,inside,1,0,1,1,0,,mYf5YwI9euz7Qli5_Y8HZw,0,0,0,myf5ywi9euz7qli5_y8hzw,0,0,0,0,0,0,0,myf5ywi9euz7qli5_y8hzw,0,0,0,0,0,0,0,0,0
320,lddv-ezfnnm7vxotq5wgqw,0.482898864,7wHLFohwCw8l6WS-feLjeg,Fried Oyster Tacos with housemade tortillas made with wagyu fat,food,1,1,1,1,1,,LddV-EzfnNM7VXotq5wGqw,0,0,0,lddv-ezfnnm7vxotq5wgqw,0,0,0,lddv-ezfnnm7vxotq5wgqw,0,0,0,0,0,0,0,0,0,0,0,0,0
321,4pvobvbafmqcycv6u3ahsw,0.482672916,VSX3ixrqQFwwGBUf15s0EQ,A nice open kitchen.,inside,0,0,0,1,0,,4pvoBvbAfMqCyCV6u3aHSw,0,0,0,4pvobvbafmqcycv6u3ahsw,0,0,0,0,0,0,0,4pvobvbafmqcycv6u3ahsw,0,0,0,0,0,0,0,0,0
322,mjdndaeksrrnbngwdprw6a,0.481716577,JhRxDdmZSGDG_u7cGxaYrw,Mexican Street Corn,food,0,1,1,1,1,,MJdNDAEKSrrNBnGwdprW6A,0,0,0,mjdndaeksrrnbngwdprw6a,0,0,0,mjdndaeksrrnbngwdprw6a,0,0,0,0,0,0,0,0,0,0,0,0,0
323,l7ff7cz_mn_14jzvqs98qa,0.481359263,bxRFIGAcYREvDBT3Nw3Vaw,Diablo Burger,food,1,1,1,1,1,,l7FF7cZ_mN_14JZVqS98QA,0,0,0,l7ff7cz_mn_14jzvqs98qa,0,0,0,l7ff7cz_mn_14jzvqs98qa,0,0,0,0,0,0,0,0,0,0,0,0,0
324,jtfxgcmmaszh2pdapfqrma,0.480413433,gQnCTgwNFHfB40c8NoGAlw,,food,1,1,1,1,1,,JtFxGCMMASZh2pDApFQRmA,0,0,0,jtfxgcmmaszh2pdapfqrma,0,0,0,jtfxgcmmaszh2pdapfqrma,0,0,0,0,0,0,0,0,0,0,0,0,0
325,6p_vhtnsn0utql_2thna3w,0.480166466,7wHLFohwCw8l6WS-feLjeg,05/14/18 Other Mama: Blistered Shishito Peppers with Cauliflower and Pistachio,food,1,1,1,1,1,,6p_VHtnsn0UTQl_2thNA3w,0,0,0,6p_vhtnsn0utql_2thna3w,0,0,0,6p_vhtnsn0utql_2thna3w,0,0,0,0,0,0,0,0,0,0,0,0,0
326,l1-ukmsnuale4wuq3otlsa,0.479330983,VSX3ixrqQFwwGBUf15s0EQ,The Spit fire chicken...absolutely delicious, falls off the bone and is like a holiday in your mouth.,food,1,1,1,1,1,L1-ukmSNUaLE4Wuq3OTLsA,0,0,0,l1-ukmsnuale4wuq3otlsa,0,0,0,0,0,0,0,0,0,0,0,0,0,0,0,0,0
327,3pepx6j6ww-e-n8mms957w,0.479183854,7wHLFohwCw8l6WS-feLjeg,@endoedibles on Instagram 12/11/17,inside,0,0,0,0,1,,3pEpx6j6WW-E-n8mms957w,0,0,0,0,3pepx6j6ww-e-n8mms957w,0,0,0,0,0,0,0,3pepx6j6ww-e-n8mms957w,0,0,0,0,0,0,0,0
328,5wxvip3ruqvbcj0rqej9aw,0.479062998,wPiRP76arN0NB3M1ZXXp7g,Freshly baked variety of fresh breads was so good,food,1,1,1,1,1,,5wXVIp3ruQvbcJ0RqEJ9Aw,0,0,0,5wxvip3ruqvbcj0rqej9aw,0,0,0,5wxvip3ruqvbcj0rqej9aw,0,0,0,0,0,0,0,0,0,0,0,0,0
329,o6ojcgnqaaseaqh8safyog,0.478111913,IRbgMt0cVuzK1KSppU16_Q,IG - @frombeyondtheplate,food,0,1,0,0,1,,O6OjCGNqAASEaQH8SAfyog,0,0,0,0,o6ojcgnqaaseaqh8safyog,0,0,0,o6ojcgnqaaseaqh8safyog,0,0,0,0,0,0,0,0,0,0,0,0
330,4czkwgawitidnuqj0mf_yw,0.478064621,7wHLFohwCw8l6WS-feLjeg,Sake Butter and Soy Grilled Japanese Whelk and Mexican White Shrimp,food,1,1,1,1,1,,4czkWgaWItIdnuQJ0mf_yw,0,0,0,4czkwgawitidnuqj0mf_yw,0,0,0,4czkwgawitidnuqj0mf_yw,0,0,0,0,0,0,0,0,0,0,0,0,0
331,l8w4zidprj3-liov2m-9jq,0.476703677,7wHLFohwCw8l6WS-feLjeg,"@endoedibles on Instagram Kim Chi Fried Rice � Pork Belly, Farm Egg",food,1,0,1,1,1,,l8w4zIDPRj3-LIov2M-9JQ,0,0,0,l8w4zidprj3-liov2m-9jq,0,0,0,l8w4zidprj3-liov2m-9jq,0,0,0,0,0,0,0,0,0,0,0,0,0
332,m68f-ziqsrsesldqx9-abg,0.475037965,gQnCTgwNFHfB40c8NoGAlw,,food,1,0,1,1,1,,M68f-ZiQsrsEsldqx9-ABg,0,0,0,m68f-ziqsrsesldqx9-abg,0,0,0,m68f-ziqsrsesldqx9-abg,0,0,0,0,0,0,0,0,0,0,0,0,0
333,4nn2oi65gb4ysyfeordtsw,0.474517758,YSYDJTCt5kzY2kKnLNGRiA,,food,0,1,0,0,1,,4NN2oi65gb4ysYfEoRdtSw,0,0,0,0,4nn2oi65gb4ysyfeordtsw,0,0,0,4nn2oi65gb4ysyfeordtsw,0,0,0,0,0,0,0,0,0,0,0,0
334,4ewbwy-y7zbq_vbt3laziw,0.474354865,WK6uBV2eSqb2wwEwXoFfNg,,food,0,1,1,1,1,,4EwBWy-Y7Zbq_vBt3Laziw,0,0,0,4ewbwy-y7zbq_vbt3laziw,0,0,0,4ewbwy-y7zbq_vbt3laziw,0,0,0,0,0,0,0,0,0,0,0,0,0
335,lxvjlzbned5qwuox1d1okq,0.473987042,wPiRP76arN0NB3M1ZXXp7g,Upstairs private dining room,inside,0,0,1,0,0,,lXVJLzBNEd5qWuoX1d1okQ,0,0,0,0,lxvjlzbned5qwuox1d1okq,0,0,0,0,0,0,0,lxvjlzbned5qwuox1d1okq,0,0,0,0,0,0,0,0
336,4yodrsy9ctpzdpez4cxyig,0.473792621,QD1cjsSFtktPNtUDJWb--Q,table toppings,inside,0,0,0,0,0,,4yODrsY9ctPzDpEZ4Cxyig,0,0,0,0,4yodrsy9ctpzdpez4cxyig,0,0,0,0,0,0,0,4yodrsy9ctpzdpez4cxyig,0,0,0,0,0,0,0,0
337,0j_bf0pkpteu9u5pfuafnw,0.473671765,Q4AWWdBWe_ojYX1a4ffXFQ,Before garnish napol tacos,food,1,1,1,1,1,,0j_bF0pKpTEU9u5PFUafnw,0,0,0,0j_bf0pkpteu9u5pfuafnw,0,0,0,0j_bf0pkpteu9u5pfuafnw,0,0,0,0,0,0,0,0,0,0,0,0,0
338,l1cyyugx_-v_vel2qmnq9w,0.473587692,Gaq3S9lmjXVcuDCZ8ulppw,Oyshi sushi roll,food,1,1,1,1,1,,L1CyyuGx_-v_VEL2qmnq9w,0,0,0,l1cyyugx_-v_vel2qmnq9w,0,0,0,l1cyyugx_-v_vel2qmnq9w,0,0,0,0,0,0,0,0,0,0,0,0,0
339,#NAME?,0.472563042,pzy9xWQqsDxVU6j9MktRJg,The decor!,inside,0,0,0,0,1,,#NAME?,0,0,0,0,#NAME?,0,0,0,0,0,0,0,#NAME?,0,0,0,0,0,0,0,0
340,3rwvcf1sdewwle44ar_sca,0.472105891,TgcjQfl1E9DE-SjDVOUDJQ,brisket corn bread,food,1,1,1,1,1,,3rwvCF1sdEWwlE44aR_SCA,0,0,0,3rwvcf1sdewwle44ar_sca,0,0,0,3rwvcf1sdewwle44ar_sca,0,0,0,0,0,0,0,0,0,0,0,0,0
341,jmz-bqeaz1jumi9uzdhlza,0.470130157,IRbgMt0cVuzK1KSppU16_Q,Fried Smashed Potatoes ($12): Thai Curry A�oli. THESE WERE AWESOME. Twice fried potatoes with a nice crispy texture...so good!,food,1,1,1,1,1,,jMZ-BQeaz1JumI9UzDHLZA,0,0,0,jmz-bqeaz1jumi9uzdhlza,0,0,0,jmz-bqeaz1jumi9uzdhlza,0,0,0,0,0,0,0,0,0,0,0,0,0
342,7wwwjcut_9nea7m9zl8xkw,0.469520622,FhgAHo-8--equM8w5UZ41Q,Mezz� Aux Vivres avec chapati,food,1,1,1,1,1,,7wWWJcUt_9NEA7M9zl8XKw,0,0,0,7wwwjcut_9nea7m9zl8xkw,0,0,0,7wwwjcut_9nea7m9zl8xkw,0,0,0,0,0,0,0,0,0,0,0,0,0
343,kc-voawovwgu4wpeqbpjta,0.468653611,kABF0hYfAEnl166mn1zR1A,C1: Sliced pork & mushroom w/ knife sliced noodle,food,1,1,1,1,1,,Kc-VoawOvwGU4WpeQBPjTA,0,0,0,kc-voawovwgu4wpeqbpjta,0,0,0,kc-voawovwgu4wpeqbpjta,0,0,0,0,0,0,0,0,0,0,0,0,0
344,kjya3oowypshg1hek8vbdg,0.468590555,kABF0hYfAEnl166mn1zR1A,,drink,0,0,1,1,1,,kJya3OowyPsHg1HEK8vBDg,0,0,0,kjya3oowypshg1hek8vbdg,0,0,0,0,0,0,0,0,0,0,0,0,0,0,0,kjya3oowypshg1hek8vbdg,0
345,9u7iuberdg0j_qwq7bfemq,0.467177065,4RggTW3skfGuUt0MOY_zHw,,food,1,1,1,1,1,,9U7iUberDG0J_QwQ7bFEMQ,0,0,0,9u7iuberdg0j_qwq7bfemq,0,0,0,9u7iuberdg0j_qwq7bfemq,0,0,0,0,0,0,0,0,0,0,0,0,0
346,mg_xzl2nhtxxjdyggkovvq,0.464754688,ghVhlFpNhfBwWDFGSlt2JA,Salmon cappacio,food,1,1,1,1,1,,mG_Xzl2NHtxXjDYGgKOvVQ,0,0,0,mg_xzl2nhtxxjdyggkovvq,0,0,0,mg_xzl2nhtxxjdyggkovvq,0,0,0,0,0,0,0,0,0,0,0,0,0
347,mhltmts685wfu6k1mrixea,0.463961242,ghVhlFpNhfBwWDFGSlt2JA,Really cool interior,inside,0,0,1,1,0,,MHLtMTs685wfU6k1mRixeA,0,0,0,mhltmts685wfu6k1mrixea,0,0,0,0,0,0,0,mhltmts685wfu6k1mrixea,0,0,0,0,0,0,0,0,0
348,61gqhzffqgj5cjio0awxlw,0.463031176,IZivKqtHyz4-ts8KsnvMrA,Green Wow Milk w/ Boba!,food,0,0,0,0,0,,61gqHZFFqGJ5CJio0AwxLw,0,0,0,0,61gqhzffqgj5cjio0awxlw,0,0,0,61gqhzffqgj5cjio0awxlw,0,0,0,0,0,0,0,0,0,0,0,0
349,nukujqibpszmykiffmbdfa,0.459741788,ghVhlFpNhfBwWDFGSlt2JA,,inside,0,0,0,0,0,,nuKUjQIBPSzmyKiffmBdfA,0,0,0,0,nukujqibpszmykiffmbdfa,0,0,0,0,0,0,0,nukujqibpszmykiffmbdfa,0,0,0,0,0,0,0,0
350,mmu-z5p8dgdbjza8zx_2vw,0.459563132,ghVhlFpNhfBwWDFGSlt2JA,,food,0,0,0,0,1,,MMu-Z5P8DgDbJZa8zX_2Vw,0,0,0,0,mmu-z5p8dgdbjza8zx_2vw,0,0,0,mmu-z5p8dgdbjza8zx_2vw,0,0,0,0,0,0,0,0,0,0,0,0
351,3wwekaxi9_1ovaaqp_zkmw,0.458869523,UUGoM4q4i8rK2CBRS0xDAw,Espresso + Raspberry Tart + Coffee = Awesome night!,food,0,1,0,0,1,,3wweKaxI9_1ovaaqp_ZKmw,0,0,0,0,3wwekaxi9_1ovaaqp_zkmw,0,0,0,3wwekaxi9_1ovaaqp_zkmw,0,0,0,0,0,0,0,0,0,0,0,0
352,m-nxbq2culu3vwipvjuiig,0.458139132,JhRxDdmZSGDG_u7cGxaYrw,Thai Crunch Salad,food,1,1,1,1,1,,M-nXBq2cuLu3VwIpVjuiig,0,0,0,m-nxbq2culu3vwipvjuiig,0,0,0,m-nxbq2culu3vwipvjuiig,0,0,0,0,0,0,0,0,0,0,0,0,0
353,27h-fjtwh_qjfqvuecgxzg,0.457261611,drNjH8Z63cgp8FWXh2hahA,,food,0,1,0,1,1,,27H-FJTwH_QJFqVUEcGXzg,0,0,0,27h-fjtwh_qjfqvuecgxzg,0,0,0,27h-fjtwh_qjfqvuecgxzg,0,0,0,0,0,0,0,0,0,0,0,0,0
354,mgqojfjt7fjnseunsn2mwa,0.456378837,gQnCTgwNFHfB40c8NoGAlw,,food,1,1,1,1,1,,mGQOjFJT7fjNseuNSn2mWA,0,0,0,mgqojfjt7fjnseunsn2mwa,0,0,0,mgqojfjt7fjnseunsn2mwa,0,0,0,0,0,0,0,0,0,0,0,0,0
355,kieglrx3kb-wwldm1yjhag,0.456352563,4RggTW3skfGuUt0MOY_zHw,Mango smoothie,drink,0,1,1,1,1,,KIeGlrx3kb-wWLDM1YJHag,0,0,0,kieglrx3kb-wwldm1yjhag,0,0,0,0,0,0,0,0,0,0,0,0,0,0,0,kieglrx3kb-wwldm1yjhag,0
356,#NAME?,0.45620018,7wHLFohwCw8l6WS-feLjeg,"@endoedibles on Instagram Kentucky Fried Lobster � Buttermilk Dressing, Seasonal Salad",food,1,1,0,1,1,,#NAME?,0,0,0,#NAME?,0,0,0,#NAME?,0,0,0,0,0,0,0,0,0,0,0,0,0
357,mut1oonnpriiljcl7f5zka,0.455837611,hLDEtvhH3Z5H1J5-3UM5kg,"Venison Liver & Foie Gras Parfait with Red Currant gastrique, bread Crisps",food,1,1,0,1,1,,mut1oonNpRIIlJcL7F5zkA,0,0,0,mut1oonnpriiljcl7f5zka,0,0,0,mut1oonnpriiljcl7f5zka,0,0,0,0,0,0,0,0,0,0,0,0,0
358,o8vlfcftw0b955ceqglfig,0.455059929,wPiRP76arN0NB3M1ZXXp7g,,food,0,1,0,0,1,,o8VLfcFTw0B955CEqGlFIg,0,0,0,0,o8vlfcftw0b955ceqglfig,0,0,0,o8vlfcftw0b955ceqglfig,0,0,0,0,0,0,0,0,0,0,0,0
359,4yvsqmap5euvd1deswplpa,0.455054674,TulmRC5V0--dnXYd_GOSvA,Halfway through the meal and still full! XD haha,food,0,0,0,0,1,,4YvsQMAp5euVd1DEsWplPA,0,0,0,0,4yvsqmap5euvd1deswplpa,0,0,0,4yvsqmap5euvd1deswplpa,0,0,0,0,0,0,0,0,0,0,0,0
360,kmb1pfs7ghrgy75lqr9xoq,0.454676342,7wHLFohwCw8l6WS-feLjeg,"@endoedibles on Instagram Whole Grilled Branzino � Sweet Potatoes, Rosemary, Seasonal Salad",food,1,1,1,1,1,,kmb1PfS7GHRGy75LQr9xoQ,0,0,0,kmb1pfs7ghrgy75lqr9xoq,0,0,0,kmb1pfs7ghrgy75lqr9xoq,0,0,0,0,0,0,0,0,0,0,0,0,0
361,7abxcweneomgfxzslqne2g,0.453163014,ZDDzKXN_JXe7694zePRuTQ,,inside,0,0,0,0,0,,7AbXCwENEOMgFxzslqNe2g,0,0,0,0,7abxcweneomgfxzslqne2g,0,0,0,0,0,0,0,7abxcweneomgfxzslqne2g,0,0,0,0,0,0,0,0
362,k43ueoowbpzdmb1e8runjw,0.451045405,ghVhlFpNhfBwWDFGSlt2JA,Wood sculpture...interesting,inside,0,0,0,1,0,,K43uEOOwbPzdMB1e8rUNjw,0,0,0,k43ueoowbpzdmb1e8runjw,0,0,0,0,0,0,0,k43ueoowbpzdmb1e8runjw,0,0,0,0,0,0,0,0,0
363,mcprmalgkev9cfeleco06w,0.450693346,7wHLFohwCw8l6WS-feLjeg,05/14/18 Other Mama: Blistered Shishito Peppers with Cauliflower and Pistachio,food,1,1,1,1,1,,MCprMALgkEv9cFELecO06w,0,0,0,mcprmalgkev9cfeleco06w,0,0,0,mcprmalgkev9cfeleco06w,0,0,0,0,0,0,0,0,0,0,0,0,0
364,ju6av_8td6edx30rq9v6hg,0.450609272,7wHLFohwCw8l6WS-feLjeg,"05/14/18 Other Mama: Crispy Jidori Chicken with Pipian, Golden Raisins and Braised Endive",food,1,1,1,1,1,,ju6av_8td6eDX30RQ9V6Hg,0,0,0,ju6av_8td6edx30rq9v6hg,0,0,0,ju6av_8td6edx30rq9v6hg,0,0,0,0,0,0,0,0,0,0,0,0,0
365,lq4tshyfcdiomr0awoxbnq,0.449469021,4WW0U2mKgFYJILnWLmUwLA,,inside,0,0,1,1,0,,LQ4TSHyfCdioMr0aWOXbnQ,0,0,0,lq4tshyfcdiomr0awoxbnq,0,0,0,0,0,0,0,lq4tshyfcdiomr0awoxbnq,0,0,0,0,0,0,0,0,0
366,oaq81h01veywjirj2bg38w,0.449363929,YSYDJTCt5kzY2kKnLNGRiA,Salsas,food,1,1,0,1,1,,OAq81h01veYwjIrJ2bG38w,0,0,0,oaq81h01veywjirj2bg38w,0,0,0,oaq81h01veywjirj2bg38w,0,0,0,0,0,0,0,0,0,0,0,0,0
367,9okctnv1_9q8rhcs_xfkna,0.449316638,aQXzyObFK-Frx1fM_hLhew,Very pretty,food,1,0,1,1,1,,9OKCTNV1_9q8Rhcs_XFKnA,0,0,0,9okctnv1_9q8rhcs_xfkna,0,0,0,9okctnv1_9q8rhcs_xfkna,0,0,0,0,0,0,0,0,0,0,0,0,0
368,kt-ltyv6coqjvp9y8qfhja,0.448397081,n2NRR4N-kmeDvhHJivHGkA,"The corn takes about 10 mins to get ready, it was sweet and buttery.",food,0,0,1,0,1,,kt-LTyV6COqjVp9y8qfhjA,0,0,0,0,kt-ltyv6coqjvp9y8qfhja,0,0,0,kt-ltyv6coqjvp9y8qfhja,0,0,0,0,0,0,0,0,0,0,0,0
369,klkhwe66_2k7ltvrdpfjba,0.448050276,ghVhlFpNhfBwWDFGSlt2JA,K pop on point. Who's controlling the sweet vids?!,inside,0,0,0,0,0,,KLkhwe66_2K7ltVRdPFJBA,0,0,0,0,klkhwe66_2k7ltvrdpfjba,0,0,0,0,0,0,0,klkhwe66_2k7ltvrdpfjba,0,0,0,0,0,0,0,0
370,laph9e2dc8ru_xnzkpeyrw,0.44724632,7wHLFohwCw8l6WS-feLjeg,Wow- wonderfully fresh and tasty,food,0,1,1,1,1,,laph9e2dc8rU_XNZkpeYRw,0,0,0,laph9e2dc8ru_xnzkpeyrw,0,0,0,laph9e2dc8ru_xnzkpeyrw,0,0,0,0,0,0,0,0,0,0,0,0,0
371,4lg01nywxmsr6dnvspyduw,0.446889007,bxRFIGAcYREvDBT3Nw3Vaw,,inside,0,0,0,0,1,,4Lg01nYWXmsR6DNVsPYdUw,0,0,0,0,4lg01nywxmsr6dnvspyduw,0,0,0,0,0,0,0,4lg01nywxmsr6dnvspyduw,0,0,0,0,0,0,0,0
372,lreswjyhiighhovf0rvc2q,0.445990468,7wHLFohwCw8l6WS-feLjeg,,food,0,1,1,0,1,,LREsWjYhiIGHhOVF0RvC2Q,0,0,0,0,lreswjyhiighhovf0rvc2q,0,0,0,lreswjyhiighhovf0rvc2q,0,0,0,0,0,0,0,0,0,0,0,0
373,2dicpkgalult3nm4v57gba,0.445370424,ghVhlFpNhfBwWDFGSlt2JA,Mango mochi,food,1,1,1,1,1,,2DiCPKgALult3nM4V57gBA,0,0,0,2dicpkgalult3nm4v57gba,0,0,0,2dicpkgalult3nm4v57gba,0,0,0,0,0,0,0,0,0,0,0,0,0
374,nb5edh0iq1trzaab3pzbqw,0.444608505,9eu2lQMROTKdrPyGkwZLYw,Mac and cheese (side),food,0,1,1,1,1,,nB5Edh0iQ1tRzAAB3pzBQw,0,0,0,nb5edh0iq1trzaab3pzbqw,0,0,0,nb5edh0iq1trzaab3pzbqw,0,0,0,0,0,0,0,0,0,0,0,0,0
375,kbrb_b7ztnzrsrrjtsczog,0.444582232,n2NRR4N-kmeDvhHJivHGkA,Spicy Pork,food,1,0,1,1,1,,KbRb_b7ZTNzRsrRjtsCzog,0,0,0,kbrb_b7ztnzrsrrjtsczog,0,0,0,kbrb_b7ztnzrsrrjtsczog,0,0,0,0,0,0,0,0,0,0,0,0,0
376,kv3is8pyiub7wxxkvgprja,0.4427799,Gaq3S9lmjXVcuDCZ8ulppw,Berry Parfait,food,0,1,1,1,1,,kV3iS8PyIuB7wXXkVGprjA,0,0,0,kv3is8pyiub7wxxkvgprja,0,0,0,kv3is8pyiub7wxxkvgprja,0,0,0,0,0,0,0,0,0,0,0,0,0
377,mkkld87yc2ygilm1tzhoga,0.440982823,gQnCTgwNFHfB40c8NoGAlw,,food,1,1,1,1,1,,MkKlD87yC2yGilm1tZhogA,0,0,0,mkkld87yc2ygilm1tzhoga,0,0,0,mkkld87yc2ygilm1tzhoga,0,0,0,0,0,0,0,0,0,0,0,0,0
378,1oqty7m0dmsm01wtpmh1_w,0.440625509,64o_nYvzIKwHFOSYSEm-qw,Small super meaty pie.,food,0,1,0,0,1,,1OqTY7M0DMSm01wTPmH1_w,0,0,0,0,1oqty7m0dmsm01wtpmh1_w,0,0,0,1oqty7m0dmsm01wtpmh1_w,0,0,0,0,0,0,0,0,0,0,0,0
379,1uioglmvg4zznowkzvpluw,0.440368033,w_Cw1-80276SAhHw2LJqFQ,,food,1,1,1,1,1,,1uiogLmvg4ZZNoWKZVPluw,0,0,0,1uioglmvg4zznowkzvpluw,0,0,0,1uioglmvg4zznowkzvpluw,0,0,0,0,0,0,0,0,0,0,0,0,0
380,jzl7eb2awiid4r4vrkqalg,0.440215649,ghVhlFpNhfBwWDFGSlt2JA,Salmon and salmon belly,food,1,1,1,1,1,,JZl7eB2aWiID4R4VRKqALg,0,0,0,jzl7eb2awiid4r4vrkqalg,0,0,0,jzl7eb2awiid4r4vrkqalg,0,0,0,0,0,0,0,0,0,0,0,0,0
381,0rleb-1wpk9cfruujenelg,0.43939593,ghVhlFpNhfBwWDFGSlt2JA,,food,0,1,0,0,1,,0rLEB-1wpK9CfruUJEnElg,0,0,0,0,0rleb-1wpk9cfruujenelg,0,0,0,0rleb-1wpk9cfruujenelg,0,0,0,0,0,0,0,0,0,0,0,0
382,9te1vwvedenndgysbcmfiw,0.438197878,IRbgMt0cVuzK1KSppU16_Q,Biggest Washington Apple around town!,food,0,1,1,1,1,,9tE1VWVEDENNDGYsbCMfIw,0,0,0,9te1vwvedenndgysbcmfiw,0,0,0,9te1vwvedenndgysbcmfiw,0,0,0,0,0,0,0,0,0,0,0,0,0
383,lg7saiy51sevf4zxmus22a,0.437714454,ghVhlFpNhfBwWDFGSlt2JA,All You Can Eat Sushi!,food,1,1,1,1,1,,LG7sAIy51Sevf4ZxmuS22A,0,0,0,lg7saiy51sevf4zxmus22a,0,0,0,lg7saiy51sevf4zxmus22a,0,0,0,0,0,0,0,0,0,0,0,0,0
384,#NAME?,0.436999827,d8lmIZIqmBC9oPM8y1dc7Q,Yummy lunch at pacos,food,1,1,0,1,1,,#NAME?,0,0,0,#NAME?,0,0,0,#NAME?,0,0,0,0,0,0,0,0,0,0,0,0,0
385,kcwh7tr2ho3tny81gvemga,0.436474365,9Cv6nCZ8v2jFMx-pbCwkzQ,,outside,0,0,1,0,1,,KcWH7TR2hO3TnY81gvEmGA,0,0,0,0,kcwh7tr2ho3tny81gvemga,0,0,0,0,0,0,0,0,0,0,0,kcwh7tr2ho3tny81gvemga,0,0,0,0
386,khzkqdjaxlit0g0g4rljxa,0.435307841,ghVhlFpNhfBwWDFGSlt2JA,,food,1,1,1,1,1,,KHZKqDJaxlIt0g0G4RlJxA,0,0,0,khzkqdjaxlit0g0g4rljxa,0,0,0,khzkqdjaxlit0g0g4rljxa,0,0,0,0,0,0,0,0,0,0,0,0,0
387,9bqotdekai2k7w5ftka0hw,0.435134439,pdTYUCGkYz35utxPyUMoag,,food,0,1,0,0,1,,9bQoTdEkai2k7W5ftkA0Hw,0,0,0,0,9bqotdekai2k7w5ftka0hw,0,0,0,9bqotdekai2k7w5ftka0hw,0,0,0,0,0,0,0,0,0,0,0,0
388,6hgj4yg_w2gwisz4l9bkjg,0.434556432,ghVhlFpNhfBwWDFGSlt2JA,,inside,1,0,1,1,0,,6HGJ4yG_w2GWIsz4l9bkJg,0,0,0,6hgj4yg_w2gwisz4l9bkjg,0,0,0,0,0,0,0,6hgj4yg_w2gwisz4l9bkjg,0,0,0,0,0,0,0,0,0
389,n3_mrtlkkf-isjxb_83mfq,0.434362011,-9eNGMp8XiygI8t8QFuFWw,Chocolate fondue!!!!,food,0,1,1,1,1,,N3_MrtlKkf-iSJXb_83MFQ,0,0,0,n3_mrtlkkf-isjxb_83mfq,0,0,0,n3_mrtlkkf-isjxb_83mfq,0,0,0,0,0,0,0,0,0,0,0,0,0
390,6galeldbz24yrwezfojmla,0.434220137,R1jJQi2yR44D_2ileqr8kA,Art,inside,0,0,0,1,0,,6gaLeLdbz24YrweZFojMlA,0,0,0,6galeldbz24yrwezfojmla,0,0,0,0,0,0,0,6galeldbz24yrwezfojmla,0,0,0,0,0,0,0,0,0
391,9iubxzjyia3s3hmx3bopfg,0.434151827,UUGoM4q4i8rK2CBRS0xDAw,Strawberry banana,food,1,1,1,1,1,,9IuBxZjyIa3s3HMX3boPFg,0,0,0,9iubxzjyia3s3hmx3bopfg,0,0,0,9iubxzjyia3s3hmx3bopfg,0,0,0,0,0,0,0,0,0,0,0,0,0
392,1fzpbowymlz1_9dexwybrq,0.434073008,9eu2lQMROTKdrPyGkwZLYw,,food,1,1,1,1,1,,1FZPBOwyMLZ1_9dExwybRQ,0,0,0,1fzpbowymlz1_9dexwybrq,0,0,0,1fzpbowymlz1_9dexwybrq,0,0,0,0,0,0,0,0,0,0,0,0,0
393,oecokohttuuqep_d3uwepw,0.43302734,DIdvV0HZUMZWiYg4OXyGJg,(Back) Chicken Parmigiana and Spaghetti (Front) Saturday Special Tortellini with Pink Sauce Garlic bread included with both,food,0,1,1,1,1,,OECoKohttuuqEP_d3UWePw,0,0,0,oecokohttuuqep_d3uwepw,0,0,0,oecokohttuuqep_d3uwepw,0,0,0,0,0,0,0,0,0,0,0,0,0
394,3ehqlyu3txzxtw4snb0d5g,0.430825657,ghVhlFpNhfBwWDFGSlt2JA,,food,1,1,1,1,1,,3eHqLyU3TxZXTw4Snb0d5g,0,0,0,3ehqlyu3txzxtw4snb0d5g,0,0,0,3ehqlyu3txzxtw4snb0d5g,0,0,0,0,0,0,0,0,0,0,0,0,0
395,l2p3wyw_3ixlzutann6szq,0.430394779,V_TxEdzeEs8P5nGPANOY7A,,outside,0,0,1,1,1,,l2P3wYw_3IXlZUtann6SZQ,0,0,0,l2p3wyw_3ixlzutann6szq,0,0,0,0,0,0,0,0,0,0,0,l2p3wyw_3ixlzutann6szq,0,0,0,0,0
396,9xoacvwpfiuvqfwtfqlb1w,0.429911355,Gaq3S9lmjXVcuDCZ8ulppw,monster roll (spider roll with shrimp tempura and baked eel on top),food,1,1,1,1,1,,9XOacvwPfIUvQFwTfqLB1w,0,0,0,9xoacvwpfiuvqfwtfqlb1w,0,0,0,9xoacvwpfiuvqfwtfqlb1w,0,0,0,0,0,0,0,0,0,0,0,0,0
397,6ivnplq9f3xokytww2ghna,0.429900845,ghVhlFpNhfBwWDFGSlt2JA,,food,1,1,1,1,1,,6iVNplQ9F3xOKyTwW2gHNA,0,0,0,6ivnplq9f3xokytww2ghna,0,0,0,6ivnplq9f3xokytww2ghna,0,0,0,0,0,0,0,0,0,0,0,0,0
398,5me96baztw0tpe3s-qltig,0.429843045,EP1do6l8hLyIGEru0gN3EQ,Veggie Pad Thai with extra tofu!  LOVE IT!!!,food,0,1,1,1,1,,5ME96BaZtw0TpE3S-qltIg,0,0,0,5me96baztw0tpe3s-qltig,0,0,0,5me96baztw0tpe3s-qltig,0,0,0,0,0,0,0,0,0,0,0,0,0
399,31uhnco_howtmxrhps_-7a,0.429039089,wPiRP76arN0NB3M1ZXXp7g,Appetizer sampler,food,0,1,1,1,1,,31uHnco_HOWtMxrhpS_-7A,0,0,0,31uhnco_howtmxrhps_-7a,0,0,0,31uhnco_howtmxrhps_-7a,0,0,0,0,0,0,0,0,0,0,0,0,0
400,k2cyn7nggeo9sqnj3dm79g,0.428666012,3QQEc5QUP-h6LCkUZQEYQw,Blue moon,inside,0,0,1,0,1,,k2Cyn7nggEO9sQNJ3DM79g,0,0,0,0,k2cyn7nggeo9sqnj3dm79g,0,0,0,0,0,0,0,k2cyn7nggeo9sqnj3dm79g,0,0,0,0,0,0,0,0
401,kww2cmtvefof7g5rtfapqq,0.428539901,ghVhlFpNhfBwWDFGSlt2JA,Desserts,food,1,1,1,1,1,,KwW2CmTvEfof7g5RtfApQQ,0,0,0,kww2cmtvefof7g5rtfapqq,0,0,0,kww2cmtvefof7g5rtfapqq,0,0,0,0,0,0,0,0,0,0,0,0,0
402,jswdzyi6a_akbfihes1wsg,0.426979281,7wHLFohwCw8l6WS-feLjeg,"@endoedibles on Instagram Shishito Peppers � Cauliflower, Pistachio",food,1,1,1,1,1,,jswdzyi6A_aKBfiHES1WSg,0,0,0,jswdzyi6a_akbfihes1wsg,0,0,0,jswdzyi6a_akbfihes1wsg,0,0,0,0,0,0,0,0,0,0,0,0,0
403,lsaavs4n8c5e54t-9co2lw,0.426548403,Mrqk1ydkvgKtlxrExCv6gQ,,food,0,1,1,1,1,,LSAaVS4n8c5E54t-9Co2Lw,0,0,0,lsaavs4n8c5e54t-9co2lw,0,0,0,lsaavs4n8c5e54t-9co2lw,0,0,0,0,0,0,0,0,0,0,0,0,0
404,9sjxdendd9wi0ilfjjiggw,0.426469584,gogO5RF4Rqz2THF1ATcCew,"Vegas Roll, Rose Roll, and a Salmon Skin Roll.",food,0,1,1,1,1,,9SJXDENdD9Wi0iLFJJiGgw,0,0,0,9sjxdendd9wi0ilfjjiggw,0,0,0,9sjxdendd9wi0ilfjjiggw,0,0,0,0,0,0,0,0,0,0,0,0,0
405,3freloixxzsf6bnpr5skxg,0.426275163,Gaq3S9lmjXVcuDCZ8ulppw,atomic bomb (shrimp tempura with spicy crab and jalapeno on top in flaming hot chili sauce),food,1,1,1,1,1,,3FreLoiXxZsF6BnPr5skxg,0,0,0,3freloixxzsf6bnpr5skxg,0,0,0,3freloixxzsf6bnpr5skxg,0,0,0,0,0,0,0,0,0,0,0,0,0
406,lpler5nteh887-nmbwzsjg,0.425949377,7wHLFohwCw8l6WS-feLjeg,05/14/18 Other Mama: Edamame with Yuzu,food,1,1,1,1,1,,lpLer5nteH887-nMbwzSJg,0,0,0,lpler5nteh887-nmbwzsjg,0,0,0,lpler5nteh887-nmbwzsjg,0,0,0,0,0,0,0,0,0,0,0,0,0
407,mjddiouuihcuq8kd-o3j1w,0.425828521,tX1fI1TgkvPQNYvwABea0w,Minced Meat on Rice and Honey Green Tea with LG Tapioca,food,1,1,1,1,1,,MjDdiouuIHcUQ8kd-o3J1w,0,0,0,mjddiouuihcuq8kd-o3j1w,0,0,0,mjddiouuihcuq8kd-o3j1w,0,0,0,0,0,0,0,0,0,0,0,0,0
408,7hztrb_nwtwljeyjrajizw,0.425812757,w_Cw1-80276SAhHw2LJqFQ,,food,1,1,1,1,1,,7HZTRB_nwTwLjEYjraJIZw,0,0,0,7hztrb_nwtwljeyjrajizw,0,0,0,7hztrb_nwtwljeyjrajizw,0,0,0,0,0,0,0,0,0,0,0,0,0
409,kukzh3fftvw-nxehcm3kog,0.423017303,5q6Xh-UcJa78bp6dzyaE7w,,food,0,1,0,0,1,,kukZH3fFTVW-nxEHcM3kog,0,0,0,0,kukzh3fftvw-nxehcm3kog,0,0,0,kukzh3fftvw-nxehcm3kog,0,0,0,0,0,0,0,0,0,0,0,0
410,jizjpb0p3zyyo1govoxrba,0.422801864,Z1mLBp6BMlHSQUh364vk1g,"My Blue Point Heaven -  lobster tail, shrimp, scallops, lobster mashers, green beans. Highly recommend!",food,1,1,1,1,1,,jiZjpb0P3Zyyo1GovOxRbA,0,0,0,jizjpb0p3zyyo1govoxrba,0,0,0,jizjpb0p3zyyo1govoxrba,0,0,0,0,0,0,0,0,0,0,0,0,0
411,9kt-pegmaoebdrwkx5ppgw,0.42170365,kABF0hYfAEnl166mn1zR1A,,inside,0,0,0,1,1,,9kT-PeGMAOeBdRWKX5PPGw,0,0,0,9kt-pegmaoebdrwkx5ppgw,0,0,0,0,0,0,0,9kt-pegmaoebdrwkx5ppgw,0,0,0,0,0,0,0,0,0
412,n8noip5q-cryzuthysgl4a,0.417972876,ghVhlFpNhfBwWDFGSlt2JA,The Hawaiian Sushi.#boomshaka,food,0,1,0,0,1,,N8NOiP5q-crYZUTHySGl4A,0,0,0,0,n8noip5q-cryzuthysgl4a,0,0,0,n8noip5q-cryzuthysgl4a,0,0,0,0,0,0,0,0,0,0,0,0
413,_xji0kr2hhb_x9c_cbrxca,0.417520979,UUGoM4q4i8rK2CBRS0xDAw,Hazelnut gelato + chocolate cheesecake,food,1,1,0,1,1,,_xjI0KR2HHb_X9c_CBRXCA,0,0,0,_xji0kr2hhb_x9c_cbrxca,0,0,0,_xji0kr2hhb_x9c_cbrxca,0,0,0,0,0,0,0,0,0,0,0,0,0
414,0ysggoecq4-xv4d3hiax-q,0.416475311,7wHLFohwCw8l6WS-feLjeg,,inside,0,0,0,0,0,,0YsGgoecQ4-xv4d3hIaX-Q,0,0,0,0,0ysggoecq4-xv4d3hiax-q,0,0,0,0,0,0,0,0ysggoecq4-xv4d3hiax-q,0,0,0,0,0,0,0,0
415,4aivs3jqztkrltvlme0pbq,0.415282514,YSYDJTCt5kzY2kKnLNGRiA,Sol Guacamole,food,0,1,1,1,1,,4Aivs3JqZTkRlTVlmE0PbQ,0,0,0,4aivs3jqztkrltvlme0pbq,0,0,0,4aivs3jqztkrltvlme0pbq,0,0,0,0,0,0,0,0,0,0,0,0,0
416,n-v0xz7k1stbag8mpq-xgg,0.414257865,,,,,,0,1,1,,n-V0Xz7k1sTbag8MPQ-xgg,0,0,0,n-v0xz7k1stbag8mpq-xgg,0,0,0,0,0,0,0,0,0,0,0,0,0,0,0,0,0
417,8_d9fuyjha2bto9op0x-eq,0.412881156,wPiRP76arN0NB3M1ZXXp7g,,inside,0,0,0,0,0,,8_d9fuyjHa2Bto9op0X-EQ,0,0,0,0,8_d9fuyjha2bto9op0x-eq,0,0,0,0,0,0,0,8_d9fuyjha2bto9op0x-eq,0,0,0,0,0,0,0,0
418,kpr994zi9ifhqjen3i9wia,0.411719887,UUGoM4q4i8rK2CBRS0xDAw,Vanilla cheesecake with raspberry compote,food,0,0,1,1,1,,Kpr994zI9iFHQjEn3I9WIA,0,0,0,kpr994zi9ifhqjen3i9wia,0,0,0,kpr994zi9ifhqjen3i9wia,0,0,0,0,0,0,0,0,0,0,0,0,0
419,1dewyydikjbge3hjr1jn0q,0.410437762,IRbgMt0cVuzK1KSppU16_Q,"Shrimp and Pork Shumai ($7 HH). These were very good, super juicy and flavorful! I'd cry paying $13 for these @ normal prices :(",food,1,1,1,1,1,,1dewYYDikjBge3HJR1jN0Q,0,0,0,1dewyydikjbge3hjr1jn0q,0,0,0,1dewyydikjbge3hjr1jn0q,0,0,0,0,0,0,0,0,0,0,0,0,0
420,kmyjag1ju7hlmwxdqaq-va,0.408130987,ghVhlFpNhfBwWDFGSlt2JA,,food,1,1,1,1,1,,KMyjAg1Ju7hlMWxDQAQ-vA,0,0,0,kmyjag1ju7hlmwxdqaq-va,0,0,0,kmyjag1ju7hlmwxdqaq-va,0,0,0,0,0,0,0,0,0,0,0,0,0
421,kbhf2e-zxglfiswvgv0hww,0.408052168,IRbgMt0cVuzK1KSppU16_Q,,inside,0,0,0,0,0,,KbHF2E-ZxgLfiswVGv0hWw,0,0,0,0,kbhf2e-zxglfiswvgv0hww,0,0,0,0,0,0,0,kbhf2e-zxglfiswvgv0hww,0,0,0,0,0,0,0,0
422,0sgeqqud4h6u_nuwiokitq,0.407216684,pB9ZZGJaApSw2PMcOTc8og,California Rolls.,food,1,1,1,1,1,,0SgEQqUD4h6U_NUWioKItQ,0,0,0,0sgeqqud4h6u_nuwiokitq,0,0,0,0sgeqqud4h6u_nuwiokitq,0,0,0,0,0,0,0,0,0,0,0,0,0
423,_dnran9zfjvy91ek4zqqcw,0.406386456,ghVhlFpNhfBwWDFGSlt2JA,Eggs,food,0,1,0,0,1,,_dNrAN9Zfjvy91Ek4Zqqcw,0,0,0,0,_dnran9zfjvy91ek4zqqcw,0,0,0,_dnran9zfjvy91ek4zqqcw,0,0,0,0,0,0,0,0,0,0,0,0
424,lg4v_fqxb_x3olrum4gujg,0.406160507,7wHLFohwCw8l6WS-feLjeg,05/14/18 Other Mama: Japanese Fried Chicken with Buttermilk Dressing,food,1,1,1,1,1,,Lg4v_FqXB_x3OLRUM4gujg,0,0,0,lg4v_fqxb_x3olrum4gujg,0,0,0,lg4v_fqxb_x3olrum4gujg,0,0,0,0,0,0,0,0,0,0,0,0,0
425,_mdc5gegtcjvbme-7s0uga,0.403149615,VSX3ixrqQFwwGBUf15s0EQ,Farm chop salad!,food,1,1,1,1,1,,_MdC5gEGtcjvBme-7s0uGA,0,0,0,_mdc5gegtcjvbme-7s0uga,0,0,0,_mdc5gegtcjvbme-7s0uga,0,0,0,0,0,0,0,0,0,0,0,0,0
426,nt4pul5g4vat8s1l8sbnfg,0.402077674,ghVhlFpNhfBwWDFGSlt2JA,911 Roll,food,1,1,1,1,1,,Nt4pUL5G4vaT8s1l8SBnfg,0,0,0,nt4pul5g4vat8s1l8sbnfg,0,0,0,nt4pul5g4vat8s1l8sbnfg,0,0,0,0,0,0,0,0,0,0,0,0,0
427,ntbf1muczntxvmxffd8u9q,0.40097946,3cAy1gxlprn1ue0q3L_ziw,,food,1,1,1,1,1,,ntBF1MuczNtxvMxFFD8u9Q,0,0,0,ntbf1muczntxvmxffd8u9q,0,0,0,ntbf1muczntxvmxffd8u9q,0,0,0,0,0,0,0,0,0,0,0,0,0
428,2ttlf7s_w7m7mj8j6vmmxg,0.39311856,wPiRP76arN0NB3M1ZXXp7g,Calamaretti Fritti,food,1,1,1,1,1,,2Ttlf7S_W7m7mj8J6VMmXg,0,0,0,2ttlf7s_w7m7mj8j6vmmxg,0,0,0,2ttlf7s_w7m7mj8j6vmmxg,0,0,0,0,0,0,0,0,0,0,0,0,0
429,kmfoyixcnypch5-fdp0fya,0.388788759,IRbgMt0cVuzK1KSppU16_Q,Diver sea scallops with mustard miso.,food,0,1,1,1,1,,kMfOYixcnypCH5-fDp0fYA,0,0,0,kmfoyixcnypch5-fdp0fya,0,0,0,kmfoyixcnypch5-fdp0fya,0,0,0,0,0,0,0,0,0,0,0,0,0
430,1d_xue0vxzrk7lg2rwjpsa,0.386686914,9eu2lQMROTKdrPyGkwZLYw,,drink,0,0,1,1,1,,1d_XuE0VXZrk7Lg2rWJPSA,0,0,0,1d_xue0vxzrk7lg2rwjpsa,0,0,0,0,0,0,0,0,0,0,0,0,0,0,0,1d_xue0vxzrk7lg2rwjpsa,0
431,4jg_cplbexfdiuepbjukza,0.38477949,ghVhlFpNhfBwWDFGSlt2JA,,food,0,1,1,0,1,,4jG_cpLbEXfdIuepBjUkZA,0,0,0,0,4jg_cplbexfdiuepbjukza,0,0,0,4jg_cplbexfdiuepbjukza,0,0,0,0,0,0,0,0,0,0,0,0
432,odwmyv254romfaab5apjqg,0.384490487,IZivKqtHyz4-ts8KsnvMrA,Thank you Lane giving oranji elephant a new home!,inside,0,0,1,1,0,,odwMYv254RomFAab5apjqg,0,0,0,odwmyv254romfaab5apjqg,0,0,0,0,0,0,0,odwmyv254romfaab5apjqg,0,0,0,0,0,0,0,0,0
433,-0jodhhzxfiis1kp5ryn-q,0.383854678,3cAy1gxlprn1ue0q3L_ziw,Nice but not really the sesame paste cold noodle,food,1,1,0,1,1,,-0JodhHzxFIIs1kp5RYN-Q,0,0,0,-0jodhhzxfiis1kp5ryn-q,0,0,0,-0jodhhzxfiis1kp5ryn-q,0,0,0,0,0,0,0,0,0,0,0,0,0
434,0ubpye5yokjt1hjwi5iqlw,0.381421793,1qwkbN3wu3AGDxMTXVz2gA,Signature Nachos,food,1,1,1,1,1,,0UbPYe5yOKJT1HJwI5iQlw,0,0,0,0ubpye5yokjt1hjwi5iqlw,0,0,0,0ubpye5yokjt1hjwi5iqlw,0,0,0,0,0,0,0,0,0,0,0,0,0
435,k960hi3r4bx4sx_tar2b9a,0.379535387,DIdvV0HZUMZWiYg4OXyGJg,Pane Fritte...homemade dough sprinkled with powdered sugar and chocolate sauce for dipping,food,0,1,1,1,1,,K960hI3r4bx4SX_TaR2b9A,0,0,0,k960hi3r4bx4sx_tar2b9a,0,0,0,k960hi3r4bx4sx_tar2b9a,0,0,0,0,0,0,0,0,0,0,0,0,0
436,3_aqx0h0qewn0ytgo_yllq,0.379283166,7tdVsSDXRKtLLC-fD1hJ-A,,food,0,1,0,0,1,,3_aqX0h0qEWn0yTgO_ylLQ,0,0,0,0,3_aqx0h0qewn0ytgo_yllq,0,0,0,3_aqx0h0qewn0ytgo_yllq,0,0,0,0,0,0,0,0,0,0,0,0
437,0twkknoalc8nozcvurexda,0.370854768,TgcjQfl1E9DE-SjDVOUDJQ,Roast Chopped Pork,food,1,1,1,1,1,,0tWKKnoaLc8NozcVURExDA,0,0,0,0twkknoalc8nozcvurexda,0,0,0,0twkknoalc8nozcvurexda,0,0,0,0,0,0,0,0,0,0,0,0,0
438,7jpbdnxcpxatwvc5vtiang,0.368637321,mB_cI1tCrNxxvr2e2myNrQ,Nachos,food,0,1,0,0,1,,7JPBDNXCpxatWvC5vtIANg,0,0,0,0,7jpbdnxcpxatwvc5vtiang,0,0,0,7jpbdnxcpxatwvc5vtiang,0,0,0,0,0,0,0,0,0,0,0,0
439,odmnu7hpdxtlxztpl9vqew,0.366572259,R1jJQi2yR44D_2ileqr8kA,,food,1,0,1,1,1,,OdMNU7HPdxTLXzTPl9vQew,0,0,0,odmnu7hpdxtlxztpl9vqew,0,0,0,odmnu7hpdxtlxztpl9vqew,0,0,0,0,0,0,0,0,0,0,0,0,0
440,nwtnimwich2guosvkxkb5g,0.365505573,ZCrK07xb6w5Vi1vathV0NQ,,inside,0,0,1,1,1,,NWTnImwich2GUOSVKxkb5g,0,0,0,nwtnimwich2guosvkxkb5g,0,0,0,0,0,0,0,nwtnimwich2guosvkxkb5g,0,0,0,0,0,0,0,0,0
441,op1_d5mhsyqjnbmqo32hfw,0.364712126,k2c7nIIDgY-FD6Yk-I_3Ww,,inside,0,0,1,1,0,,Op1_d5MHsyqjnbmQo32Hfw,0,0,0,op1_d5mhsyqjnbmqo32hfw,0,0,0,0,0,0,0,op1_d5mhsyqjnbmqo32hfw,0,0,0,0,0,0,0,0,0
442,3pldqngtjz68tjhjohcquw,0.364097336,wPiRP76arN0NB3M1ZXXp7g,Prosciutto di Melone,food,1,1,1,1,1,,3pLdQngTJZ68TjhjoHCquw,0,0,0,3pldqngtjz68tjhjohcquw,0,0,0,3pldqngtjz68tjhjohcquw,0,0,0,0,0,0,0,0,0,0,0,0,0
443,60lplu6du9obx66bz1gcra,0.363067432,7wHLFohwCw8l6WS-feLjeg,"@endoedibles on Instagram Sea Cow and Plymouth with Rosemary Mignonette, Ponzu Salsa, Wasabi Cocktail Sauce, Habanero Pepper Sauce",food,1,1,1,1,1,,60Lplu6du9OBx66BZ1GcrA,0,0,0,60lplu6du9obx66bz1gcra,0,0,0,60lplu6du9obx66bz1gcra,0,0,0,0,0,0,0,0,0,0,0,0,0
444,mgvrwctfdl48oqy44wjq9g,0.362788938,9eu2lQMROTKdrPyGkwZLYw,,food,1,1,1,1,1,,mgVrwctfDL48OqY44wjq9g,0,0,0,mgvrwctfdl48oqy44wjq9g,0,0,0,mgvrwctfdl48oqy44wjq9g,0,0,0,0,0,0,0,0,0,0,0,0,0
445,#NAME?,0.359210547,ghVhlFpNhfBwWDFGSlt2JA,Oysters,food,1,1,0,1,1,,#NAME?,0,0,0,#NAME?,0,0,0,#NAME?,0,0,0,0,0,0,0,0,0,0,0,0,0
446,6ukjhvccoaphysgmyaehca,0.3591002,IRbgMt0cVuzK1KSppU16_Q,,food,0,1,0,0,1,?,6UkJhvcCoAPhysGmYaEHcA,0,0,0,0,6ukjhvccoaphysgmyaehca,0,0,0,6ukjhvccoaphysgmyaehca,0,0,0,0,0,0,0,0,0,0,0,0
447,0xdp0hx_lhbqjkvlio8eig,0.358149115,gogO5RF4Rqz2THF1ATcCew,,inside,0,0,0,0,0,,0xdP0HX_LhbQJKVLio8Eig,0,0,0,0,0xdp0hx_lhbqjkvlio8eig,0,0,0,0,0,0,0,0xdp0hx_lhbqjkvlio8eig,0,0,0,0,0,0,0,0
448,4rem1mawkjzdo3jonhoo_w,0.356756643,ghVhlFpNhfBwWDFGSlt2JA,,food,1,1,1,1,1,,4rEM1mawkJzdo3jONhoo_w,0,0,0,4rem1mawkjzdo3jonhoo_w,0,0,0,4rem1mawkjzdo3jonhoo_w,0,0,0,0,0,0,0,0,0,0,0,0,0
449,jth5rovpnkarz2rfgtnazq,0.354518178,cPOAwA2qP0ihB6R783Kf_Q,,inside,0,0,0,0,0,,jTH5rOvPnKarz2RFGTnaZQ,0,0,0,0,jth5rovpnkarz2rfgtnazq,0,0,0,0,0,0,0,jth5rovpnkarz2rfgtnazq,0,0,0,0,0,0,0,0
450,7dgipahl1hhprmqqvg-w4q,0.346473367,YSYDJTCt5kzY2kKnLNGRiA,Banana Bread,food,1,1,1,1,1,,7DgiPahl1hHPrMqqvg-w4Q,0,0,0,7dgipahl1hhprmqqvg-w4q,0,0,0,7dgipahl1hhprmqqvg-w4q,0,0,0,0,0,0,0,0,0,0,0,0,0
451,4zerckvkpdqy5c73fn1ota,0.344119301,bs07-hLuz0dq06gIUwR5mw,,food,1,1,1,1,1,,4ZerCkVKpdQY5C73Fn1otA,0,0,0,4zerckvkpdqy5c73fn1ota,0,0,0,4zerckvkpdqy5c73fn1ota,0,0,0,0,0,0,0,0,0,0,0,0,0
452,7str5fvcmxixxhmskz3ikg,0.335549028,7wHLFohwCw8l6WS-feLjeg,,food,1,1,1,1,1,,7StR5FVcMXixxhMSKZ3IKg,0,0,0,7str5fvcmxixxhmskz3ikg,0,0,0,7str5fvcmxixxhmskz3ikg,0,0,0,0,0,0,0,0,0,0,0,0,0
453,48nftpui5auqeyvducrypq,0.335128659,vyQD-pu9jFKRXWI9tt16_Q,Shrek the Legend,inside,0,0,0,0,0,,48NftPUI5AuqEYVdUcryPQ,0,0,0,0,48nftpui5auqeyvducrypq,0,0,0,0,0,0,0,48nftpui5auqeyvducrypq,0,0,0,0,0,0,0,0
454,o6qhwaeizcc3arqfmodf3w,0.329952866,ghVhlFpNhfBwWDFGSlt2JA,,food,1,0,0,1,1,,O6QHwaeIZCc3ArQFmoDF3w,0,0,0,o6qhwaeizcc3arqfmodf3w,0,0,0,o6qhwaeizcc3arqfmodf3w,0,0,0,0,0,0,0,0,0,0,0,0,0
455,9fco4r2m2cnsvddxkw6mga,0.328959744,pdTYUCGkYz35utxPyUMoag,,inside,0,1,0,0,1,,9fCO4r2m2cNSvDDxkW6MGA,0,0,0,0,9fco4r2m2cnsvddxkw6mga,0,0,0,0,0,0,0,9fco4r2m2cnsvddxkw6mga,0,0,0,0,0,0,0,0
456,jidbhbkckouz23dzerexdw,0.328896689,n2NRR4N-kmeDvhHJivHGkA,Spicy cold tofu,food,1,1,1,1,1,,jiDbHbkCKOUZ23DZerEXdw,0,0,0,jidbhbkckouz23dzerexdw,0,0,0,jidbhbkckouz23dzerexdw,0,0,0,0,0,0,0,0,0,0,0,0,0
457,lywur3wnawzxdvcgj9b9kq,0.328712778,hLDEtvhH3Z5H1J5-3UM5kg,Their cool copper ceiling light,inside,0,0,0,0,0,,lyWUR3WNAWzXdVCGj9b9KQ,0,0,0,0,lywur3wnawzxdvcgj9b9kq,0,0,0,0,0,0,0,lywur3wnawzxdvcgj9b9kq,0,0,0,0,0,0,0,0
458,mwckowigcq7auqfdf-10tw,0.326931464,IRbgMt0cVuzK1KSppU16_Q,"The Lulu ($7 HH): Grey Goose, Malibu, Creme de Peche & Disaronno. This was good! A bit sweet and sour but pretty tasty.",drink,0,0,1,1,1,,mwckOWiGCQ7AUqFdF-10Tw,0,0,0,mwckowigcq7auqfdf-10tw,0,0,0,0,0,0,0,0,0,0,0,0,0,0,0,mwckowigcq7auqfdf-10tw,0
459,9vs6fy2z82wqgu9ey5ab8w,0.326926209,fP8JqPAVh9MQ2OIlfvsKnw,So good,food,0,1,1,1,1,,9VS6Fy2Z82wqGu9Ey5aB8w,0,0,0,9vs6fy2z82wqgu9ey5ab8w,0,0,0,9vs6fy2z82wqgu9ey5ab8w,0,0,0,0,0,0,0,0,0,0,0,0,0
460,ktexz1hvuq7iamtcnwvnpq,0.314146993,n2NRR4N-kmeDvhHJivHGkA,Chicken Karaage,food,0,1,0,1,1,,ktExz1hvUQ7iAmtcNwvnpQ,0,0,0,ktexz1hvuq7iamtcnwvnpq,0,0,0,ktexz1hvuq7iamtcnwvnpq,0,0,0,0,0,0,0,0,0,0,0,0,0
461,mxmcftgnd7oxajdpitctna,0.307526181,V_TxEdzeEs8P5nGPANOY7A,Greek Roulette,food,0,0,0,1,1,,MxmcFtgNd7OxaJdPiTctNA,0,0,0,mxmcftgnd7oxajdpitctna,0,0,0,mxmcftgnd7oxajdpitctna,0,0,0,0,0,0,0,0,0,0,0,0,0
462,kv4lmwq-7cvxiyrvhvqfsa,0.303968809,ghVhlFpNhfBwWDFGSlt2JA,,food,1,1,1,1,1,,KV4lmWq-7cVXiYRVHvQFsA,0,0,0,kv4lmwq-7cvxiyrvhvqfsa,0,0,0,kv4lmwq-7cvxiyrvhvqfsa,0,0,0,0,0,0,0,0,0,0,0,0,0
463,4fboiorlr3pfmu_tp4_jhw,0.303968809,ghVhlFpNhfBwWDFGSlt2JA,,food,1,1,1,1,1,,4fBoIorLr3pFMU_Tp4_JHw,0,0,0,4fboiorlr3pfmu_tp4_jhw,0,0,0,4fboiorlr3pfmu_tp4_jhw,0,0,0,0,0,0,0,0,0,0,0,0,0
464,kmouqnsx8cdbbwatc-j0na,0.302807539,1qwkbN3wu3AGDxMTXVz2gA,,inside,0,0,1,1,1,,kmouQnsx8cdBbwAtc-j0NA,0,0,0,kmouqnsx8cdbbwatc-j0na,0,0,0,0,0,0,0,kmouqnsx8cdbbwatc-j0na,0,0,0,0,0,0,0,0,0
465,o0ypazkok-zulpjs0-8qbg,0.300348381,n72smZw1iVORdnjGfFT0FQ,,food,0,1,1,1,1,,o0ypaZkOK-ZuLPjs0-8qBg,0,0,0,o0ypazkok-zulpjs0-8qbg,0,0,0,o0ypazkok-zulpjs0-8qbg,0,0,0,0,0,0,0,0,0,0,0,0,0
466,0higbg1m-mvt2rlcysohga,0.281657725,YSYDJTCt5kzY2kKnLNGRiA,"Asada, Pollo, & Carnitas",food,1,1,1,1,1,,0HigBG1m-mVt2rLcYsoHGA,0,0,0,0higbg1m-mvt2rlcysohga,0,0,0,0higbg1m-mvt2rlcysohga,0,0,0,0,0,0,0,0,0,0,0,0,0
467,jpetd2hrqswm0a9fw45gna,0.280207452,gogO5RF4Rqz2THF1ATcCew,We just love this place,inside,0,0,0,0,0,,JpetD2hRQsWM0a9fW45GnA,0,0,0,0,jpetd2hrqswm0a9fw45gna,0,0,0,0,0,0,0,jpetd2hrqswm0a9fw45gna,0,0,0,0,0,0,0,0
468,5gom_slc6xiefnocezbdxw,0.278389356,9eu2lQMROTKdrPyGkwZLYw,Not Fried Calamari ($15).  @FoodLoversToronto on instagram for details,food,1,1,1,1,1,,5gOM_SLc6xIEfNoCeZbdxw,0,0,0,5gom_slc6xiefnocezbdxw,0,0,0,5gom_slc6xiefnocezbdxw,0,0,0,0,0,0,0,0,0,0,0,0,0
469,m-pwc8ey-v0costtptew7q,0.257165977,bxRFIGAcYREvDBT3Nw3Vaw,Dragoon Brewery Santa Cruz,drink,0,0,1,1,1,,m-PWC8ey-v0COStTPTEW7Q,0,0,0,m-pwc8ey-v0costtptew7q,0,0,0,0,0,0,0,0,0,0,0,0,0,0,0,m-pwc8ey-v0costtptew7q,0
470,0t2b6cwnv9myeuksyihc3g,0.250518893,Gaq3S9lmjXVcuDCZ8ulppw,oyster sashimi,food,1,1,1,1,1,,0t2b6CwNv9mYEuKsyiHc3g,0,0,0,0t2b6cwnv9myeuksyihc3g,0,0,0,0t2b6cwnv9myeuksyihc3g,0,0,0,0,0,0,0,0,0,0,0,0,0
471,4cnqsjtzicimc_bdzudeqg,0.242852414,7wHLFohwCw8l6WS-feLjeg,"Latke with Sour Cream, Salmon Roe, Salt Cured Egg Yolk",food,1,1,1,1,1,,4cNQsJTziciMC_bDzUdEqg,0,0,0,4cnqsjtzicimc_bdzudeqg,0,0,0,4cnqsjtzicimc_bdzudeqg,0,0,0,0,0,0,0,0,0,0,0,0,0
472,3dxe_ddrojc12yoafuilzw,0.238879927,R1jJQi2yR44D_2ileqr8kA,,inside,0,0,0,0,0,,3dxe_DDrOJC12yOafUILzw,0,0,0,0,3dxe_ddrojc12yoafuilzw,0,0,0,0,0,0,0,3dxe_ddrojc12yoafuilzw,0,0,0,0,0,0,0,0
473,9dvmtwkal2muaxwg04c5ia,0.235879543,ghVhlFpNhfBwWDFGSlt2JA,,food,0,1,0,0,1,,9dVMTWkAL2mUaxwG04C5IA,0,0,0,0,9dvmtwkal2muaxwg04c5ia,0,0,0,9dvmtwkal2muaxwg04c5ia,0,0,0,0,0,0,0,0,0,0,0,0
474,kbmbtit0byu_deejpptwwq,0.232611174,8-8btzuYZCqEVOPwk0YYfA,Another full table,food,0,0,0,0,1,,kbMbTiT0BYU_DeejPptwWQ,0,0,0,0,kbmbtit0byu_deejpptwwq,0,0,0,kbmbtit0byu_deejpptwwq,0,0,0,0,0,0,0,0,0,0,0,0
475,9lofagzdbbkwfudvdrow0w,0.212433463,1o03kXj4zA-_SvN1HfqNyg,,food,1,1,1,1,1,,9LofagZDbbkWfudVdrOw0w,0,0,0,9lofagzdbbkwfudvdrow0w,0,0,0,9lofagzdbbkwfudvdrow0w,0,0,0,0,0,0,0,0,0,0,0,0,0
476,okf9gegnn6meo_1uvooukq,0.204194231,eSENXDnnNSo-MLLkWJQ8Vg,Aztec Tinga taco and Mayan Cochinita Pibil taco,food,0,1,1,1,1,,OKF9gEGnN6meO_1UvOoUKQ,0,0,0,okf9gegnn6meo_1uvooukq,0,0,0,okf9gegnn6meo_1uvooukq,0,0,0,0,0,0,0,0,0,0,0,0,0
477,_yu1jea8xjricta4jnlmpg,0.203164327,Mrqk1ydkvgKtlxrExCv6gQ,,drink,0,1,0,0,1,,_Yu1jEA8xjRICta4JNLmpg,0,0,0,0,_yu1jea8xjricta4jnlmpg,0,0,0,0,0,0,0,0,0,0,0,0,0,0,0,_yu1jea8xjricta4jnlmpg
478,o-6fshadeo3qpulcqbis1q,0.181336668,w_Cw1-80276SAhHw2LJqFQ,,food,1,0,0,1,1,,O-6fsHadeo3QpulCQBiS1Q,0,0,0,o-6fshadeo3qpulcqbis1q,0,0,0,o-6fshadeo3qpulcqbis1q,0,0,0,0,0,0,0,0,0,0,0,0,0
479,0frbrdzoqk4-cty-mopckg,0.164390544,TgcjQfl1E9DE-SjDVOUDJQ,"Dark and stormy ($11) - goslings, ginger beer, lime",drink,0,0,0,1,1,,0FrbrDZOQK4-cTY-mOPckg,0,0,0,0frbrdzoqk4-cty-mopckg,0,0,0,0,0,0,0,0,0,0,0,0,0,0,0,0frbrdzoqk4-cty-mopckg,0
480,koqqxcgidfnjq6ascj27bq,0.129715358,ghVhlFpNhfBwWDFGSlt2JA,"Popcorn lobster, Super man, Snow in Vegas",food,0,1,0,1,1,,KoQqXcGIDfnJq6aSCJ27BQ,0,0,0,koqqxcgidfnjq6ascj27bq,0,0,0,koqqxcgidfnjq6ascj27bq,0,0,0,0,0,0,0,0,0,0,0,0,0
481,_rs-coiepstlxmu1ovfe0a,0.113037218,ghVhlFpNhfBwWDFGSlt2JA,,food,0,1,0,1,1,,_RS-CoIEPsTLXMu1OvfE0A,0,0,0,_rs-coiepstlxmu1ovfe0a,0,0,0,_rs-coiepstlxmu1ovfe0a,0,0,0,0,0,0,0,0,0,0,0,0,0
482,kv9z4cjh5rypcyaenqwjaw,0,YSYDJTCt5kzY2kKnLNGRiA,Mexican Onion Soup,food,0,0,1,0,1,,Kv9z4CJh5RYPCyaEnqWJaw,0,0,0,0,kv9z4cjh5rypcyaenqwjaw,0,0,0,kv9z4cjh5rypcyaenqwjaw,0,0,0,0,0,0,0,0,0,0,0,0
